Site,Date,Season,DisCFS,DisCFS_lm,TempC,TDS.mg.L,TSS.mg.L,NN.mg.L,TN.mg.L,TP.mg.L
LPPC US,2015-01,,4905,4905,1.09,NA,NA,NA,NA,NA
LPPC DS,2015-01,,NA,4905,NA,NA,NA,NA,NA,NA
Craig,2015-01,,NA,4905,NA,NA,NA,NA,NA,NA
Dearborn US,2015-01,,NA,4905,NA,NA,NA,NA,NA,NA
Dearborn DS,2015-01,,NA,4905,NA,NA,NA,NA,NA,NA
Hardy,2015-01,,NA,4905,NA,NA,NA,NA,NA,NA
Cascade,2015-01,,5098,5098,NA,NA,NA,NA,NA,NA
LPPC US,2015-02,,4977,4977,1.8,NA,NA,NA,NA,NA
LPPC DS,2015-02,,NA,4977,NA,NA,NA,NA,NA,NA
Craig,2015-02,,NA,4977,NA,NA,NA,NA,NA,NA
Dearborn US,2015-02,,NA,4977,NA,NA,NA,NA,NA,NA
Dearborn DS,2015-02,,NA,4977,NA,NA,NA,NA,NA,NA
Hardy,2015-02,,NA,4977,NA,NA,NA,NA,NA,NA
Cascade,2015-02,,5277,5277,NA,NA,NA,NA,NA,NA
LPPC US,2015-03,,4511,4511,2.62,NA,NA,NA,NA,NA
LPPC DS,2015-03,,NA,4511,NA,NA,NA,NA,NA,NA
Craig,2015-03,,NA,4511,NA,NA,NA,NA,NA,NA
Dearborn US,2015-03,,NA,4511,NA,NA,NA,NA,NA,NA
Dearborn DS,2015-03,,NA,4511,NA,NA,NA,NA,NA,NA
Hardy,2015-03,,NA,4511,NA,NA,NA,NA,NA,NA
Cascade,2015-03,,4922,4922,NA,NA,NA,NA,NA,NA
LPPC US,2015-04,,3862,3862,6.6,NA,NA,NA,NA,NA
LPPC DS,2015-04,,NA,3862,NA,NA,NA,NA,NA,NA
Craig,2015-04,,NA,3862,NA,NA,NA,NA,NA,NA
Dearborn US,2015-04,,NA,3862,NA,NA,NA,NA,NA,NA
Dearborn DS,2015-04,,NA,3862,NA,NA,NA,NA,NA,NA
Hardy,2015-04,,NA,3862,NA,NA,NA,NA,NA,NA
Cascade,2015-04,,4371,4371,NA,NA,NA,NA,NA,NA
LPPC US,2015-05,spr,3817,3817,9.98,NA,NA,NA,NA,NA
LPPC DS,2015-05,spr,NA,3817,NA,NA,NA,NA,NA,NA
Craig,2015-05,spr,NA,3817,NA,NA,NA,NA,NA,NA
Dearborn US,2015-05,spr,NA,3817,NA,NA,NA,NA,NA,NA
Dearborn DS,2015-05,spr,NA,3817,NA,NA,NA,NA,NA,NA
Hardy,2015-05,spr,NA,3817,NA,NA,NA,NA,NA,NA
Cascade,2015-05,spr,4627,4627,NA,NA,NA,NA,NA,NA
LPPC US,2015-06,,4717,4717,14.55,NA,NA,NA,NA,NA
LPPC DS,2015-06,,NA,4717,NA,NA,NA,NA,NA,NA
Craig,2015-06,,NA,4717,NA,NA,NA,NA,NA,NA
Dearborn US,2015-06,,NA,4717,NA,NA,NA,NA,NA,NA
Dearborn DS,2015-06,,NA,4717,NA,NA,NA,NA,NA,NA
Hardy,2015-06,,NA,4717,NA,NA,NA,NA,NA,NA
Cascade,2015-06,,5404,5404,NA,NA,NA,NA,NA,NA
LPPC US,2015-07,sum,3986,3986,16.93,NA,NA,NA,NA,NA
LPPC DS,2015-07,sum,NA,3986,NA,NA,NA,NA,NA,NA
Craig,2015-07,sum,NA,3986,NA,NA,NA,NA,NA,NA
Dearborn US,2015-07,sum,NA,3986,NA,NA,NA,NA,NA,NA
Dearborn DS,2015-07,sum,NA,3986,NA,NA,NA,NA,NA,NA
Hardy,2015-07,sum,NA,3986,NA,NA,NA,NA,NA,NA
Cascade,2015-07,sum,4319,4319,NA,NA,NA,NA,NA,NA
LPPC US,2015-08,,4012,4012,17.36,NA,NA,NA,NA,NA
LPPC DS,2015-08,,NA,4012,NA,NA,NA,NA,NA,NA
Craig,2015-08,,NA,4012,NA,NA,NA,NA,NA,NA
Dearborn US,2015-08,,NA,4012,NA,NA,NA,NA,NA,NA
Dearborn DS,2015-08,,NA,4012,NA,NA,NA,NA,NA,NA
Hardy,2015-08,,NA,4012,NA,NA,NA,NA,NA,NA
Cascade,2015-08,,4167,4167,NA,NA,NA,NA,NA,NA
LPPC US,2015-09,,4062,4062,15.61,NA,NA,NA,NA,NA
LPPC DS,2015-09,,NA,4062,NA,NA,NA,NA,NA,NA
Craig,2015-09,,NA,4062,NA,NA,NA,NA,NA,NA
Dearborn US,2015-09,,NA,4062,NA,NA,NA,NA,NA,NA
Dearborn DS,2015-09,,NA,4062,NA,NA,NA,NA,NA,NA
Hardy,2015-09,,NA,4062,NA,NA,NA,NA,NA,NA
Cascade,2015-09,,4100,4100,NA,NA,NA,NA,NA,NA
LPPC US,2015-10,fal,3393,3393,13.37,NA,NA,NA,NA,NA
LPPC DS,2015-10,fal,NA,3393,NA,NA,NA,NA,NA,NA
Craig,2015-10,fal,NA,3393,NA,NA,NA,NA,NA,NA
Dearborn US,2015-10,fal,NA,3393,NA,NA,NA,NA,NA,NA
Dearborn DS,2015-10,fal,NA,3393,NA,NA,NA,NA,NA,NA
Hardy,2015-10,fal,NA,3393,NA,NA,NA,NA,NA,NA
Cascade,2015-10,fal,3462,3462,NA,NA,NA,NA,NA,NA
LPPC US,2015-11,,3299,3299,8.31,NA,NA,NA,NA,NA
LPPC DS,2015-11,,NA,3299,NA,NA,NA,NA,NA,NA
Craig,2015-11,,NA,3299,NA,NA,NA,NA,NA,NA
Dearborn US,2015-11,,NA,3299,NA,NA,NA,NA,NA,NA
Dearborn DS,2015-11,,NA,3299,NA,NA,NA,NA,NA,NA
Hardy,2015-11,,NA,3299,NA,NA,NA,NA,NA,NA
Cascade,2015-11,,3432,3432,NA,NA,NA,NA,NA,NA
LPPC US,2015-12,,3387,3387,2.29,NA,NA,NA,NA,NA
LPPC DS,2015-12,,NA,3387,NA,NA,NA,NA,NA,NA
Craig,2015-12,,NA,3387,NA,NA,NA,NA,NA,NA
Dearborn US,2015-12,,NA,3387,NA,NA,NA,NA,NA,NA
Dearborn DS,2015-12,,NA,3387,NA,NA,NA,NA,NA,NA
Hardy,2015-12,,NA,3387,NA,NA,NA,NA,NA,NA
Cascade,2015-12,,3531,3531,NA,NA,NA,NA,NA,NA
LPPC US,2016-01,,3583,3583,1.22,NA,NA,NA,NA,NA
LPPC DS,2016-01,,NA,3583,NA,NA,NA,NA,NA,NA
Craig,2016-01,,NA,3583,NA,NA,NA,NA,NA,NA
Dearborn US,2016-01,,NA,3583,NA,NA,NA,NA,NA,NA
Dearborn DS,2016-01,,NA,3583,NA,NA,NA,NA,NA,NA
Hardy,2016-01,,NA,3583,NA,NA,NA,NA,NA,NA
Cascade,2016-01,,3676,3676,NA,NA,NA,NA,NA,NA
LPPC US,2016-02,,3877,3877,2.08,NA,NA,NA,NA,NA
LPPC DS,2016-02,,NA,3877,NA,NA,NA,NA,NA,NA
Craig,2016-02,,NA,3877,NA,NA,NA,NA,NA,NA
Dearborn US,2016-02,,NA,3877,NA,NA,NA,NA,NA,NA
Dearborn DS,2016-02,,NA,3877,NA,NA,NA,NA,NA,NA
Hardy,2016-02,,NA,3877,NA,NA,NA,NA,NA,NA
Cascade,2016-02,,4038,4038,NA,NA,NA,NA,NA,NA
LPPC US,2016-03,,3754,3754,3.67,NA,NA,NA,NA,NA
LPPC DS,2016-03,,NA,3754,NA,NA,NA,NA,NA,NA
Craig,2016-03,,NA,3754,NA,NA,NA,NA,NA,NA
Dearborn US,2016-03,,NA,3754,NA,NA,NA,NA,NA,NA
Dearborn DS,2016-03,,NA,3754,NA,NA,NA,NA,NA,NA
Hardy,2016-03,,NA,3754,NA,NA,NA,NA,NA,NA
Cascade,2016-03,,4062,4062,NA,NA,NA,NA,NA,NA
LPPC US,2016-04,spr,4100,4100,6.74,NA,0,0,0.24,0.014
LPPC DS,2016-04,spr,NA,4100,6.74,NA,14,0.05,0.23,0.02
Craig,2016-04,spr,NA,4100,6.74,NA,4,0,0.22,0.016
Dearborn US,2016-04,spr,NA,4100,6.74,NA,4,0,0.22,0.018
Dearborn DS,2016-04,spr,NA,4100,6.74,NA,7,0,0.09,0.01
Hardy,2016-04,spr,NA,4100,6.74,NA,5,0,0.23,0.021
Cascade,2016-04,spr,4622,4622,6.74,NA,8,0,0.26,0.019
LPPC US,2016-05,,5161,5161,9.95,121,NA,NA,NA,NA
LPPC DS,2016-05,,NA,5161,9.95,85,NA,NA,NA,NA
Craig,2016-05,,NA,5161,9.95,125,NA,NA,NA,NA
Dearborn US,2016-05,,NA,5161,9.95,136,NA,NA,NA,NA
Dearborn DS,2016-05,,NA,5161,9.95,132,NA,NA,NA,NA
Hardy,2016-05,,NA,5161,9.95,138,NA,NA,NA,NA
Cascade,2016-05,,6106,6106,9.95,143,NA,NA,NA,NA
LPPC US,2016-06,,4689,4689,14.1,NA,NA,NA,NA,NA
LPPC DS,2016-06,,NA,4689,NA,NA,NA,NA,NA,NA
Craig,2016-06,,NA,4689,NA,NA,NA,NA,NA,NA
Dearborn US,2016-06,,NA,4689,NA,NA,NA,NA,NA,NA
Dearborn DS,2016-06,,NA,4689,NA,NA,NA,NA,NA,NA
Hardy,2016-06,,NA,4689,NA,NA,NA,NA,NA,NA
Cascade,2016-06,,5296,5296,NA,NA,NA,NA,NA,NA
LPPC US,2016-07,sum,4053,4053,16.83,179,0,0,0.13,0.011
LPPC DS,2016-07,sum,NA,4053,16.83,135,0,0,0.04,0.008
Craig,2016-07,sum,NA,4053,16.83,144,0,0,0.15,0.012
Dearborn US,2016-07,sum,NA,4053,16.83,149,0,0,0.15,0.012
Dearborn DS,2016-07,sum,NA,4053,16.83,137,0,0,0.14,0.013
Hardy,2016-07,sum,NA,4053,16.83,141,0,0,0.14,0.013
Cascade,2016-07,sum,4287,4287,16.83,176,5,0,0.14,0.015
LPPC US,2016-08,,3845,3845,17.67,NA,NA,NA,NA,NA
LPPC DS,2016-08,,NA,3845,NA,NA,NA,NA,NA,NA
Craig,2016-08,,NA,3845,NA,NA,NA,NA,NA,NA
Dearborn US,2016-08,,NA,3845,NA,NA,NA,NA,NA,NA
Dearborn DS,2016-08,,NA,3845,NA,NA,NA,NA,NA,NA
Hardy,2016-08,,NA,3845,NA,NA,NA,NA,NA,NA
Cascade,2016-08,,3984,3984,NA,NA,NA,NA,NA,NA
LPPC US,2016-09,,3696,3696,15.62,NA,NA,NA,NA,NA
LPPC DS,2016-09,,NA,3696,NA,NA,NA,NA,NA,NA
Craig,2016-09,,NA,3696,NA,NA,NA,NA,NA,NA
Dearborn US,2016-09,,NA,3696,NA,NA,NA,NA,NA,NA
Dearborn DS,2016-09,,NA,3696,NA,NA,NA,NA,NA,NA
Hardy,2016-09,,NA,3696,NA,NA,NA,NA,NA,NA
Cascade,2016-09,,3846,3846,NA,NA,NA,NA,NA,NA
LPPC US,2016-10,fal,3542,3542,12.25,166,0,0.07,0.28,0.023
LPPC DS,2016-10,fal,NA,3542,12.25,155,0,0.02,0.18,0.017
Craig,2016-10,fal,NA,3542,12.25,152,0,0.06,0.26,0.02
Dearborn US,2016-10,fal,NA,3542,12.25,NA,0,0.06,0.26,0.019
Dearborn DS,2016-10,fal,NA,3542,12.25,NA,0,0,0.06,0
Hardy,2016-10,fal,NA,3542,12.25,151,0,0.05,0.25,0.017
Cascade,2016-10,fal,3771,3771,12.25,155,0,0,0.19,0.015
LPPC US,2016-11,,3736,3736,9.12,NA,NA,NA,NA,NA
LPPC DS,2016-11,,NA,3736,NA,NA,NA,NA,NA,NA
Craig,2016-11,,NA,3736,NA,NA,NA,NA,NA,NA
Dearborn US,2016-11,,NA,3736,NA,NA,NA,NA,NA,NA
Dearborn DS,2016-11,,NA,3736,NA,NA,NA,NA,NA,NA
Hardy,2016-11,,NA,3736,NA,NA,NA,NA,NA,NA
Cascade,2016-11,,3929,3929,NA,NA,NA,NA,NA,NA
LPPC US,2016-12,,4350,4350,3.2,NA,NA,NA,NA,NA
LPPC DS,2016-12,,NA,4350,NA,NA,NA,NA,NA,NA
Craig,2016-12,,NA,4350,NA,NA,NA,NA,NA,NA
Dearborn US,2016-12,,NA,4350,NA,NA,NA,NA,NA,NA
Dearborn DS,2016-12,,NA,4350,NA,NA,NA,NA,NA,NA
Hardy,2016-12,,NA,4350,NA,NA,NA,NA,NA,NA
Cascade,2016-12,,4435,4435,NA,NA,NA,NA,NA,NA
LPPC US,2017-01,,3758,3758,0.99,NA,NA,NA,NA,NA
LPPC DS,2017-01,,NA,3758,NA,NA,NA,NA,NA,NA
Craig,2017-01,,NA,3758,NA,NA,NA,NA,NA,NA
Dearborn US,2017-01,,NA,3758,NA,NA,NA,NA,NA,NA
Dearborn DS,2017-01,,NA,3758,NA,NA,NA,NA,NA,NA
Hardy,2017-01,,NA,3758,NA,NA,NA,NA,NA,NA
Cascade,2017-01,,3915,3915,NA,NA,NA,NA,NA,NA
LPPC US,2017-02,,3526,3526,1.24,NA,NA,NA,NA,NA
LPPC DS,2017-02,,NA,3526,NA,NA,NA,NA,NA,NA
Craig,2017-02,,NA,3526,NA,NA,NA,NA,NA,NA
Dearborn US,2017-02,,NA,3526,NA,NA,NA,NA,NA,NA
Dearborn DS,2017-02,,NA,3526,NA,NA,NA,NA,NA,NA
Hardy,2017-02,,NA,3526,NA,NA,NA,NA,NA,NA
Cascade,2017-02,,3699,3699,NA,NA,NA,NA,NA,NA
LPPC US,2017-03,,3893,3893,2.63,NA,NA,NA,NA,NA
LPPC DS,2017-03,,NA,3893,NA,NA,NA,NA,NA,NA
Craig,2017-03,,NA,3893,NA,NA,NA,NA,NA,NA
Dearborn US,2017-03,,NA,3893,NA,NA,NA,NA,NA,NA
Dearborn DS,2017-03,,NA,3893,NA,NA,NA,NA,NA,NA
Hardy,2017-03,,NA,3893,NA,NA,NA,NA,NA,NA
Cascade,2017-03,,4421,4421,NA,NA,NA,NA,NA,NA
LPPC US,2017-04,,5683,5683,6.38,NA,NA,NA,NA,NA
LPPC DS,2017-04,,NA,5683,NA,NA,NA,NA,NA,NA
Craig,2017-04,,NA,5683,NA,NA,NA,NA,NA,NA
Dearborn US,2017-04,,NA,5683,NA,NA,NA,NA,NA,NA
Dearborn DS,2017-04,,NA,5683,NA,NA,NA,NA,NA,NA
Hardy,2017-04,,NA,5683,NA,NA,NA,NA,NA,NA
Cascade,2017-04,,6224,6224,NA,NA,NA,NA,NA,NA
LPPC US,2017-05,spr,8844,8844,10.08,NA,NA,NA,NA,NA
LPPC DS,2017-05,spr,NA,8844,NA,NA,NA,NA,NA,NA
Craig,2017-05,spr,NA,8844,NA,NA,NA,NA,NA,NA
Dearborn US,2017-05,spr,NA,8844,NA,NA,NA,NA,NA,NA
Dearborn DS,2017-05,spr,NA,8844,NA,NA,NA,NA,NA,NA
Hardy,2017-05,spr,NA,8844,NA,NA,NA,NA,NA,NA
Cascade,2017-05,spr,9967,9967,NA,NA,NA,NA,NA,NA
LPPC US,2017-06,,8670,8670,14.67,150,NA,NA,NA,NA
LPPC DS,2017-06,,NA,8670,14.67,110,NA,NA,NA,NA
Craig,2017-06,,NA,8670,14.67,163,NA,NA,NA,NA
Dearborn US,2017-06,,NA,8670,NA,NA,NA,NA,NA,NA
Dearborn DS,2017-06,,NA,8670,NA,NA,NA,NA,NA,NA
Hardy,2017-06,,NA,8670,NA,NA,NA,NA,NA,NA
Cascade,2017-06,,9215,9215,NA,NA,NA,NA,NA,NA
LPPC US,2017-07,sum,4569,4569,18.25,216,0,0,0.18,0.013
LPPC DS,2017-07,sum,NA,4569,18.25,197,0,0.04,0.12,0.016
Craig,2017-07,sum,NA,4569,18.25,207,0,0,0.22,0.012
Dearborn US,2017-07,sum,NA,4569,18.25,202,0,0.05,0.22,0.012
Dearborn DS,2017-07,sum,NA,4569,18.25,187,0,0,0.09,0.004
Hardy,2017-07,sum,NA,4569,18.25,208,0,0,0.2,0.012
Cascade,2017-07,sum,4961,4961,18.25,206,4,0,0.21,0.014
LPPC US,2017-08,,4182,4182,18.35,NA,NA,NA,NA,NA
LPPC DS,2017-08,,NA,4182,NA,NA,NA,NA,NA,NA
Craig,2017-08,,NA,4182,NA,NA,NA,NA,NA,NA
Dearborn US,2017-08,,NA,4182,NA,NA,NA,NA,NA,NA
Dearborn DS,2017-08,,NA,4182,NA,NA,NA,NA,NA,NA
Hardy,2017-08,,NA,4182,NA,NA,NA,NA,NA,NA
Cascade,2017-08,,4253,4253,NA,NA,NA,NA,NA,NA
LPPC US,2017-09,,4083,4083,16.51,NA,NA,NA,NA,NA
LPPC DS,2017-09,,NA,4083,NA,NA,NA,NA,NA,NA
Craig,2017-09,,NA,4083,NA,NA,NA,NA,NA,NA
Dearborn US,2017-09,,NA,4083,NA,NA,NA,NA,NA,NA
Dearborn DS,2017-09,,NA,4083,NA,NA,NA,NA,NA,NA
Hardy,2017-09,,NA,4083,NA,NA,NA,NA,NA,NA
Cascade,2017-09,,4175,4175,NA,NA,NA,NA,NA,NA
LPPC US,2017-10,fal,3721,3721,11.3,197,0,0.14,0.38,0.068
LPPC DS,2017-10,fal,NA,3721,11.3,203,0,0,0.11,0.016
Craig,2017-10,fal,NA,3721,11.3,195,0,0.14,0.36,0.068
Dearborn US,2017-10,fal,NA,3721,11.3,194,0,0.15,0.37,0.067
Dearborn DS,2017-10,fal,NA,3721,11.3,191,0,0.15,0.36,0.069
Hardy,2017-10,fal,NA,3721,11.3,190,0,0.15,0.34,0.063
Cascade,2017-10,fal,3945,3945,11.3,193,0,0.08,0.29,0.055
LPPC US,2017-11,,4192,4192,6.08,NA,NA,NA,NA,NA
LPPC DS,2017-11,,NA,4192,NA,NA,NA,NA,NA,NA
Craig,2017-11,,NA,4192,NA,NA,NA,NA,NA,NA
Dearborn US,2017-11,,NA,4192,NA,NA,NA,NA,NA,NA
Dearborn DS,2017-11,,NA,4192,NA,NA,NA,NA,NA,NA
Hardy,2017-11,,NA,4192,NA,NA,NA,NA,NA,NA
Cascade,2017-11,,4390,4390,NA,NA,NA,NA,NA,NA
LPPC US,2017-12,,4934,4934,2.64,NA,NA,NA,NA,NA
LPPC DS,2017-12,,NA,4934,NA,NA,NA,NA,NA,NA
Craig,2017-12,,NA,4934,NA,NA,NA,NA,NA,NA
Dearborn US,2017-12,,NA,4934,NA,NA,NA,NA,NA,NA
Dearborn DS,2017-12,,NA,4934,NA,NA,NA,NA,NA,NA
Hardy,2017-12,,NA,4934,NA,NA,NA,NA,NA,NA
Cascade,2017-12,,5223,5223,NA,NA,NA,NA,NA,NA
LPPC US,2018-01,,4565,4565,1.26,NA,NA,NA,NA,NA
LPPC DS,2018-01,,NA,4565,NA,NA,NA,NA,NA,NA
Craig,2018-01,,NA,4565,NA,NA,NA,NA,NA,NA
Dearborn US,2018-01,,NA,4565,NA,NA,NA,NA,NA,NA
Dearborn DS,2018-01,,NA,4565,NA,NA,NA,NA,NA,NA
Hardy,2018-01,,NA,4565,NA,NA,NA,NA,NA,NA
Cascade,2018-01,,4869,4869,NA,NA,NA,NA,NA,NA
LPPC US,2018-02,,5287,5287,1.44,NA,NA,NA,NA,NA
LPPC DS,2018-02,,NA,5287,NA,NA,NA,NA,NA,NA
Craig,2018-02,,NA,5287,NA,NA,NA,NA,NA,NA
Dearborn US,2018-02,,NA,5287,NA,NA,NA,NA,NA,NA
Dearborn DS,2018-02,,NA,5287,NA,NA,NA,NA,NA,NA
Hardy,2018-02,,NA,5287,NA,NA,NA,NA,NA,NA
Cascade,2018-02,,5637,5637,NA,NA,NA,NA,NA,NA
LPPC US,2018-03,,5956,5956,2.38,NA,NA,NA,NA,NA
LPPC DS,2018-03,,NA,5956,NA,NA,NA,NA,NA,NA
Craig,2018-03,,NA,5956,NA,NA,NA,NA,NA,NA
Dearborn US,2018-03,,NA,5956,NA,NA,NA,NA,NA,NA
Dearborn DS,2018-03,,NA,5956,NA,NA,NA,NA,NA,NA
Hardy,2018-03,,NA,5956,NA,NA,NA,NA,NA,NA
Cascade,2018-03,,6594,6594,NA,NA,NA,NA,NA,NA
LPPC US,2018-04,,8030,8030,4.77,NA,NA,NA,NA,NA
LPPC DS,2018-04,,NA,8030,NA,NA,NA,NA,NA,NA
Craig,2018-04,,NA,8030,NA,NA,NA,NA,NA,NA
Dearborn US,2018-04,,NA,8030,NA,NA,NA,NA,NA,NA
Dearborn DS,2018-04,,NA,8030,NA,NA,NA,NA,NA,NA
Hardy,2018-04,,NA,8030,NA,NA,NA,NA,NA,NA
Cascade,2018-04,,9010,9010,NA,NA,NA,NA,NA,NA
LPPC US,2018-05,,14590,14590,9.85,NA,NA,NA,NA,NA
LPPC DS,2018-05,,NA,14590,NA,NA,NA,NA,NA,NA
Craig,2018-05,,NA,14590,NA,NA,NA,NA,NA,NA
Dearborn US,2018-05,,NA,14590,NA,NA,NA,NA,NA,NA
Dearborn DS,2018-05,,NA,14590,NA,NA,NA,NA,NA,NA
Hardy,2018-05,,NA,14590,NA,NA,NA,NA,NA,NA
Cascade,2018-05,,16340,16340,NA,NA,NA,NA,NA,NA
LPPC US,2018-06,spr,14990,14990,14.95,203,6,0.14,0.45,0.031
LPPC DS,2018-06,spr,NA,14990,14.95,202,2.4,0.14,0.43,0.03
Craig,2018-06,spr,NA,14990,14.95,206,10,0.14,0.44,0.037
Dearborn US,2018-06,spr,NA,14990,14.95,204,6,0.15,0.44,0.033
Dearborn DS,2018-06,spr,NA,14990,14.95,166,6,0,0.08,0.006
Hardy,2018-06,spr,NA,14990,14.95,204,7,0.14,0.41,0.028
Cascade,2018-06,spr,16880,16880,14.95,206,9,0.14,0.42,0.035
LPPC US,2018-07,sum,7144,7144,17.88,177,1.2,0.08,0.38,0.033
LPPC DS,2018-07,sum,NA,7144,17.88,198,2.8,0.06,0.24,0.018
Craig,2018-07,sum,NA,7144,17.88,173,1.6,0.03,0.32,0.031
Dearborn US,2018-07,sum,NA,7144,17.88,163,1.6,0.04,0.32,0.028
Dearborn DS,2018-07,sum,NA,7144,17.88,192,0.8,0,0.11,0.006
Hardy,2018-07,sum,NA,7144,17.88,167,1.2,0.03,0.33,0.027
Cascade,2018-07,sum,8145,8145,17.88,168,4,0,0.3,0.025
LPPC US,2018-08,,4520,4520,18.26,NA,NA,NA,NA,NA
LPPC DS,2018-08,,NA,4520,NA,NA,NA,NA,NA,NA
Craig,2018-08,,NA,4520,NA,NA,NA,NA,NA,NA
Dearborn US,2018-08,,NA,4520,NA,NA,NA,NA,NA,NA
Dearborn DS,2018-08,,NA,4520,NA,NA,NA,NA,NA,NA
Hardy,2018-08,,NA,4520,NA,NA,NA,NA,NA,NA
Cascade,2018-08,,4660,4660,NA,NA,NA,NA,NA,NA
LPPC US,2018-09,,4635,4635,16.21,NA,NA,NA,NA,NA
LPPC DS,2018-09,,NA,4635,NA,NA,NA,NA,NA,NA
Craig,2018-09,,NA,4635,NA,NA,NA,NA,NA,NA
Dearborn US,2018-09,,NA,4635,NA,NA,NA,NA,NA,NA
Dearborn DS,2018-09,,NA,4635,NA,NA,NA,NA,NA,NA
Hardy,2018-09,,NA,4635,NA,NA,NA,NA,NA,NA
Cascade,2018-09,,4742,4742,NA,NA,NA,NA,NA,NA
LPPC US,2018-10,fal,4279,4279,11.81,179,2.4,0.17,0.49,0.08
LPPC DS,2018-10,fal,NA,4279,11.81,208,2.4,0.07,0.24,0.017
Craig,2018-10,fal,NA,4279,11.81,181,2.8,0.17,0.48,0.081
Dearborn US,2018-10,fal,NA,4279,11.81,177,1.2,0.17,0.46,0.079
Dearborn DS,2018-10,fal,NA,4279,11.81,205,0.8,0,0.07,0
Hardy,2018-10,fal,NA,4279,11.81,179,2,0.19,0.47,0.078
Cascade,2018-10,fal,4561,4561,11.81,180,1.2,0.14,0.47,0.076
LPPC US,2018-11,,4652,4652,7.25,NA,NA,NA,NA,NA
LPPC DS,2018-11,,NA,4652,NA,NA,NA,NA,NA,NA
Craig,2018-11,,NA,4652,NA,NA,NA,NA,NA,NA
Dearborn US,2018-11,,NA,4652,NA,NA,NA,NA,NA,NA
Dearborn DS,2018-11,,NA,4652,NA,NA,NA,NA,NA,NA
Hardy,2018-11,,NA,4652,NA,NA,NA,NA,NA,NA
Cascade,2018-11,,4781,4781,NA,NA,NA,NA,NA,NA
LPPC US,2018-12,,4893,4893,2.74,NA,NA,NA,NA,NA
LPPC DS,2018-12,,NA,4893,NA,NA,NA,NA,NA,NA
Craig,2018-12,,NA,4893,NA,NA,NA,NA,NA,NA
Dearborn US,2018-12,,NA,4893,NA,NA,NA,NA,NA,NA
Dearborn DS,2018-12,,NA,4893,NA,NA,NA,NA,NA,NA
Hardy,2018-12,,NA,4893,NA,NA,NA,NA,NA,NA
Cascade,2018-12,,5068,5068,NA,NA,NA,NA,NA,NA
LPPC US,2019-01,,4895,4895,1,NA,NA,NA,NA,NA
LPPC DS,2019-01,,NA,4895,NA,NA,NA,NA,NA,NA
Craig,2019-01,,NA,4895,NA,NA,NA,NA,NA,NA
Dearborn US,2019-01,,NA,4895,NA,NA,NA,NA,NA,NA
Dearborn DS,2019-01,,NA,4895,NA,NA,NA,NA,NA,NA
Hardy,2019-01,,NA,4895,NA,NA,NA,NA,NA,NA
Cascade,2019-01,,4867,4867,NA,NA,NA,NA,NA,NA
LPPC US,2019-02,,5062,5062,0.86,NA,NA,NA,NA,NA
LPPC DS,2019-02,,NA,5062,NA,NA,NA,NA,NA,NA
Craig,2019-02,,NA,5062,NA,NA,NA,NA,NA,NA
Dearborn US,2019-02,,NA,5062,NA,NA,NA,NA,NA,NA
Dearborn DS,2019-02,,NA,5062,NA,NA,NA,NA,NA,NA
Hardy,2019-02,,NA,5062,NA,NA,NA,NA,NA,NA
Cascade,2019-02,,5232,5232,NA,NA,NA,NA,NA,NA
LPPC US,2019-03,,4946,4946,0.99,NA,NA,NA,NA,NA
LPPC DS,2019-03,,NA,4946,NA,NA,NA,NA,NA,NA
Craig,2019-03,,NA,4946,NA,NA,NA,NA,NA,NA
Dearborn US,2019-03,,NA,4946,NA,NA,NA,NA,NA,NA
Dearborn DS,2019-03,,NA,4946,NA,NA,NA,NA,NA,NA
Hardy,2019-03,,NA,4946,NA,NA,NA,NA,NA,NA
Cascade,2019-03,,5379,5379,NA,NA,NA,NA,NA,NA
LPPC US,2019-04,spr,8674,8674,4.19,NA,NA,NA,NA,NA
LPPC DS,2019-04,spr,NA,8674,NA,NA,NA,NA,NA,NA
Craig,2019-04,spr,NA,8674,NA,NA,NA,NA,NA,NA
Dearborn US,2019-04,spr,NA,8674,NA,NA,NA,NA,NA,NA
Dearborn DS,2019-04,spr,NA,8674,NA,NA,NA,NA,NA,NA
Hardy,2019-04,spr,NA,8674,NA,NA,NA,NA,NA,NA
Cascade,2019-04,spr,9495,9495,NA,NA,NA,NA,NA,NA
LPPC US,2019-05,,8536,8536,7.39,NA,NA,NA,NA,NA
LPPC DS,2019-05,,NA,8536,NA,NA,NA,NA,NA,NA
Craig,2019-05,,NA,8536,NA,NA,NA,NA,NA,NA
Dearborn US,2019-05,,NA,8536,NA,NA,NA,NA,NA,NA
Dearborn DS,2019-05,,NA,8536,NA,NA,NA,NA,NA,NA
Hardy,2019-05,,NA,8536,NA,NA,NA,NA,NA,NA
Cascade,2019-05,,9936,9936,NA,NA,NA,NA,NA,NA
LPPC US,2019-06,,5967,5967,13.25,NA,NA,NA,NA,NA
LPPC DS,2019-06,,NA,5967,NA,NA,NA,NA,NA,NA
Craig,2019-06,,NA,5967,NA,NA,NA,NA,NA,NA
Dearborn US,2019-06,,NA,5967,NA,NA,NA,NA,NA,NA
Dearborn DS,2019-06,,NA,5967,NA,NA,NA,NA,NA,NA
Hardy,2019-06,,NA,5967,NA,NA,NA,NA,NA,NA
Cascade,2019-06,,6729,6729,NA,NA,NA,NA,NA,NA
LPPC US,2019-07,sum,5727,5727,15.62,NA,NA,NA,NA,NA
LPPC DS,2019-07,sum,NA,5727,NA,NA,NA,NA,NA,NA
Craig,2019-07,sum,NA,5727,NA,NA,NA,NA,NA,NA
Dearborn US,2019-07,sum,NA,5727,NA,NA,NA,NA,NA,NA
Dearborn DS,2019-07,sum,NA,5727,NA,NA,NA,NA,NA,NA
Hardy,2019-07,sum,NA,5727,NA,NA,NA,NA,NA,NA
Cascade,2019-07,sum,5847,5847,NA,NA,NA,NA,NA,NA
LPPC US,2019-08,,4934,4934,17,NA,NA,NA,NA,NA
LPPC DS,2019-08,,NA,4934,NA,NA,NA,NA,NA,NA
Craig,2019-08,,NA,4934,NA,NA,NA,NA,NA,NA
Dearborn US,2019-08,,NA,4934,NA,NA,NA,NA,NA,NA
Dearborn DS,2019-08,,NA,4934,NA,NA,NA,NA,NA,NA
Hardy,2019-08,,NA,4934,NA,NA,NA,NA,NA,NA
Cascade,2019-08,,4988,4988,NA,NA,NA,NA,NA,NA
LPPC US,2019-09,,5065,5065,16.39,NA,NA,NA,NA,NA
LPPC DS,2019-09,,NA,5065,NA,NA,NA,NA,NA,NA
Craig,2019-09,,NA,5065,NA,NA,NA,NA,NA,NA
Dearborn US,2019-09,,NA,5065,NA,NA,NA,NA,NA,NA
Dearborn DS,2019-09,,NA,5065,NA,NA,NA,NA,NA,NA
Hardy,2019-09,,NA,5065,NA,NA,NA,NA,NA,NA
Cascade,2019-09,,5284,5284,NA,NA,NA,NA,NA,NA
LPPC US,2019-10,fal,4575,4575,10.48,206,2.8,0.11,0.34,0.06
LPPC DS,2019-10,fal,NA,4575,10.48,220,1.6,0.1,0.21,0.033
Craig,2019-10,fal,NA,4575,10.48,209,2,0.12,0.29,0.056
Dearborn US,2019-10,fal,NA,4575,10.48,207,0.8,0.09,0.36,0.051
Dearborn DS,2019-10,fal,NA,4575,10.48,217,1.2,0,0.05,0.004
Hardy,2019-10,fal,NA,4575,10.48,203,0.8,0.02,0.3,0.045
Cascade,2019-10,fal,5084,5084,10.48,203,1.2,0.11,0.23,0.038
LPPC US,2019-11,,4720,4720,5.38,NA,NA,NA,NA,NA
LPPC DS,2019-11,,NA,4720,NA,NA,NA,NA,NA,NA
Craig,2019-11,,NA,4720,NA,NA,NA,NA,NA,NA
Dearborn US,2019-11,,NA,4720,NA,NA,NA,NA,NA,NA
Dearborn DS,2019-11,,NA,4720,NA,NA,NA,NA,NA,NA
Hardy,2019-11,,NA,4720,NA,NA,NA,NA,NA,NA
Cascade,2019-11,,5332,5332,NA,NA,NA,NA,NA,NA
LPPC US,2019-12,,4726,4726,2.1,NA,NA,NA,NA,NA
LPPC DS,2019-12,,NA,4726,NA,NA,NA,NA,NA,NA
Craig,2019-12,,NA,4726,NA,NA,NA,NA,NA,NA
Dearborn US,2019-12,,NA,4726,NA,NA,NA,NA,NA,NA
Dearborn DS,2019-12,,NA,4726,NA,NA,NA,NA,NA,NA
Hardy,2019-12,,NA,4726,NA,NA,NA,NA,NA,NA
Cascade,2019-12,,5201,5201,NA,NA,NA,NA,NA,NA
LPPC US,2020-01,,4870.645161,4870.645161,1.348387097,NA,NA,NA,NA,NA
LPPC DS,2020-01,,NA,4870.645161,NA,NA,NA,NA,NA,NA
Craig,2020-01,,NA,4870.645161,NA,NA,NA,NA,NA,NA
Dearborn US,2020-01,,NA,4870.645161,NA,NA,NA,NA,NA,NA
Dearborn DS,2020-01,,NA,4870.645161,NA,NA,NA,NA,NA,NA
Hardy,2020-01,,NA,4870.645161,NA,NA,NA,NA,NA,NA
Cascade,2020-01,,5062.903226,5062.903226,NA,NA,NA,NA,NA,NA
LPPC US,2020-02,,4913.103448,4913.103448,1.624137931,NA,NA,NA,NA,NA
LPPC DS,2020-02,,NA,4913.103448,NA,NA,NA,NA,NA,NA
Craig,2020-02,,NA,4913.103448,NA,NA,NA,NA,NA,NA
Dearborn US,2020-02,,NA,4913.103448,NA,NA,NA,NA,NA,NA
Dearborn DS,2020-02,,NA,4913.103448,NA,NA,NA,NA,NA,NA
Hardy,2020-02,,NA,4913.103448,NA,NA,NA,NA,NA,NA
Cascade,2020-02,,5147.586207,5147.586207,NA,NA,NA,NA,NA,NA
LPPC US,2020-03,,5146.451613,5146.451613,2.351612903,NA,NA,NA,NA,NA
LPPC DS,2020-03,,NA,5146.451613,NA,NA,NA,NA,NA,NA
Craig,2020-03,,NA,5146.451613,NA,NA,NA,NA,NA,NA
Dearborn US,2020-03,,NA,5146.451613,NA,NA,NA,NA,NA,NA
Dearborn DS,2020-03,,NA,5146.451613,NA,NA,NA,NA,NA,NA
Hardy,2020-03,,NA,5146.451613,NA,NA,NA,NA,NA,NA
Cascade,2020-03,,5421.935484,5421.935484,NA,NA,NA,NA,NA,NA
LPPC US,2020-04,,4741,4741,4.693333333,NA,NA,NA,NA,NA
LPPC DS,2020-04,,NA,4741,NA,NA,NA,NA,NA,NA
Craig,2020-04,,NA,4741,NA,NA,NA,NA,NA,NA
Dearborn US,2020-04,,NA,4741,NA,NA,NA,NA,NA,NA
Dearborn DS,2020-04,,NA,4741,NA,NA,NA,NA,NA,NA
Hardy,2020-04,,NA,4741,NA,NA,NA,NA,NA,NA
Cascade,2020-04,,5428.333333,5428.333333,NA,NA,NA,NA,NA,NA
LPPC US,2020-05,spr,5041.935484,5041.935484,10.12142857,222,2,0,0.15,0.014
LPPC DS,2020-05,spr,NA,5041.935484,10.12142857,145,16,0.03,0.16,0.013
Craig,2020-05,spr,NA,5041.935484,10.12142857,223,2,0,0.16,0.006
Dearborn US,2020-05,spr,NA,5041.935484,10.12142857,211,4,0,0.16,0.015
Dearborn DS,2020-05,spr,NA,5041.935484,10.12142857,215,4,0,0.15,0.015
Hardy,2020-05,spr,NA,5041.935484,10.12142857,217,0,0,0.17,0.009
Cascade,2020-05,spr,6500.967742,6500.967742,10.12142857,218,15,0,0.16,0.012
LPPC US,2020-06,,7817.333333,7817.333333,13.93,NA,NA,NA,NA,NA
LPPC DS,2020-06,,NA,7817.333333,NA,NA,NA,NA,NA,NA
Craig,2020-06,,NA,7817.333333,NA,NA,NA,NA,NA,NA
Dearborn US,2020-06,,NA,7817.333333,NA,NA,NA,NA,NA,NA
Dearborn DS,2020-06,,NA,7817.333333,NA,NA,NA,NA,NA,NA
Hardy,2020-06,,NA,7817.333333,NA,NA,NA,NA,NA,NA
Cascade,2020-06,,8745.666667,8745.666667,NA,NA,NA,NA,NA,NA
LPPC US,2020-07,sum,6472.258065,6472.258065,16.9,211,0,0.04,0.26,0.009
LPPC DS,2020-07,sum,NA,6472.258065,16.9,195,1,0.1,0.21,0.018
Craig,2020-07,sum,NA,6472.258065,16.9,210,0,0.03,0.25,0.013
Dearborn US,2020-07,sum,NA,6472.258065,16.9,202,4,0.03,0.27,0.005
Dearborn DS,2020-07,sum,NA,6472.258065,16.9,204,2,0.03,0.25,0.009
Hardy,2020-07,sum,NA,6472.258065,16.9,208,0,0.03,0.25,0.015
Cascade,2020-07,sum,7387.741935,7387.741935,16.9,207,4,0,0.28,0.017
LPPC US,2020-08,,4272.903226,4272.903226,18.27419355,NA,NA,NA,NA,NA
LPPC DS,2020-08,,NA,4272.903226,NA,NA,NA,NA,NA,NA
Craig,2020-08,,NA,4272.903226,NA,NA,NA,NA,NA,NA
Dearborn US,2020-08,,NA,4272.903226,NA,NA,NA,NA,NA,NA
Dearborn DS,2020-08,,NA,4272.903226,NA,NA,NA,NA,NA,NA
Hardy,2020-08,,NA,4272.903226,NA,NA,NA,NA,NA,NA
Cascade,2020-08,,4431.612903,4431.612903,NA,NA,NA,NA,NA,NA
LPPC US,2020-09,,3958.666667,3958.666667,16.29666667,NA,NA,NA,NA,NA
LPPC DS,2020-09,,NA,3958.666667,NA,NA,NA,NA,NA,NA
Craig,2020-09,,NA,3958.666667,NA,NA,NA,NA,NA,NA
Dearborn US,2020-09,,NA,3958.666667,NA,NA,NA,NA,NA,NA
Dearborn DS,2020-09,,NA,3958.666667,NA,NA,NA,NA,NA,NA
Hardy,2020-09,,NA,3958.666667,NA,NA,NA,NA,NA,NA
Cascade,2020-09,,4134.666667,4134.666667,NA,NA,NA,NA,NA,NA
LPPC US,2020-10,fal,3437.741935,3437.741935,12.24516129,189,2,0.07,0.32,0.039
LPPC DS,2020-10,fal,NA,3437.741935,12.24516129,214,3,0.05,0.14,0.008
Craig,2020-10,fal,NA,3437.741935,12.24516129,193,3,0.04,0.3,0.037
Dearborn US,2020-10,fal,NA,3437.741935,12.24516129,185,2,0.05,0.28,0.035
Dearborn DS,2020-10,fal,NA,3437.741935,12.24516129,187,1,0.04,0.27,0.03
Hardy,2020-10,fal,NA,3437.741935,12.24516129,186,0,0.02,0.25,0.042
Cascade,2020-10,fal,4023.103448,4023.103448,12.24516129,185,1,0,0.23,0.026
LPPC US,2020-11,,3828.333333,3828.333333,6.25,NA,NA,NA,NA,NA
LPPC DS,2020-11,,NA,3828.333333,NA,NA,NA,NA,NA,NA
Craig,2020-11,,NA,3828.333333,NA,NA,NA,NA,NA,NA
Dearborn US,2020-11,,NA,3828.333333,NA,NA,NA,NA,NA,NA
Dearborn DS,2020-11,,NA,3828.333333,NA,NA,NA,NA,NA,NA
Hardy,2020-11,,NA,3828.333333,NA,NA,NA,NA,NA,NA
Cascade,2020-11,,4237.666667,4237.666667,NA,NA,NA,NA,NA,NA
LPPC US,2020-12,,3819.354839,3819.354839,2.783870968,NA,NA,NA,NA,NA
LPPC DS,2020-12,,NA,3819.354839,NA,NA,NA,NA,NA,NA
Craig,2020-12,,NA,3819.354839,NA,NA,NA,NA,NA,NA
Dearborn US,2020-12,,NA,3819.354839,NA,NA,NA,NA,NA,NA
Dearborn DS,2020-12,,NA,3819.354839,NA,NA,NA,NA,NA,NA
Hardy,2020-12,,NA,3819.354839,NA,NA,NA,NA,NA,NA
Cascade,2020-12,,4124.83871,4124.83871,NA,NA,NA,NA,NA,NA
LPPC US,2021-01,,4149.354839,4149.354839,1.6,NA,NA,NA,NA,NA
LPPC DS,2021-01,,NA,4149.354839,NA,NA,NA,NA,NA,NA
Craig,2021-01,,NA,4149.354839,NA,NA,NA,NA,NA,NA
Dearborn US,2021-01,,NA,4149.354839,NA,NA,NA,NA,NA,NA
Dearborn DS,2021-01,,NA,4149.354839,NA,NA,NA,NA,NA,NA
Hardy,2021-01,,NA,4149.354839,NA,NA,NA,NA,NA,NA
Cascade,2021-01,,4274.516129,4274.516129,NA,NA,NA,NA,NA,NA
LPPC US,2021-02,,4307.142857,4307.142857,1.584615385,NA,NA,NA,NA,NA
LPPC DS,2021-02,,NA,4307.142857,NA,NA,NA,NA,NA,NA
Craig,2021-02,,NA,4307.142857,NA,NA,NA,NA,NA,NA
Dearborn US,2021-02,,NA,4307.142857,NA,NA,NA,NA,NA,NA
Dearborn DS,2021-02,,NA,4307.142857,NA,NA,NA,NA,NA,NA
Hardy,2021-02,,NA,4307.142857,NA,NA,NA,NA,NA,NA
Cascade,2021-02,,4372.142857,4372.142857,NA,NA,NA,NA,NA,NA
LPPC US,2021-03,,3879.354839,3879.354839,2.707407407,NA,NA,NA,NA,NA
LPPC DS,2021-03,,NA,3879.354839,NA,NA,NA,NA,NA,NA
Craig,2021-03,,NA,3879.354839,NA,NA,NA,NA,NA,NA
Dearborn US,2021-03,,NA,3879.354839,NA,NA,NA,NA,NA,NA
Dearborn DS,2021-03,,NA,3879.354839,NA,NA,NA,NA,NA,NA
Hardy,2021-03,,NA,3879.354839,NA,NA,NA,NA,NA,NA
Cascade,2021-03,,3908.387097,3908.387097,NA,NA,NA,NA,NA,NA
LPPC US,2021-04,,3981.333333,3981.333333,5.66,NA,NA,NA,NA,NA
LPPC DS,2021-04,,NA,3981.333333,NA,NA,NA,NA,NA,NA
Craig,2021-04,,NA,3981.333333,NA,NA,NA,NA,NA,NA
Dearborn US,2021-04,,NA,3981.333333,NA,NA,NA,NA,NA,NA
Dearborn DS,2021-04,,NA,3981.333333,NA,NA,NA,NA,NA,NA
Hardy,2021-04,,NA,3981.333333,NA,NA,NA,NA,NA,NA
Cascade,2021-04,,4021.666667,4021.666667,NA,NA,NA,NA,NA,NA
LPPC US,2021-05,spr,3730.967742,3730.967742,9.087096774,235,2.9,0.01,0.24,0.019
LPPC DS,2021-05,spr,NA,3730.967742,9.087096774,143,26,0.07,0.2,0.041
Craig,2021-05,spr,NA,3730.967742,9.087096774,237,3.8,0.01,0.26,0.023
Dearborn US,2021-05,spr,NA,3730.967742,9.087096774,223,4,0.02,0.26,0.023
Dearborn DS,2021-05,spr,NA,3730.967742,9.087096774,215,6,0.02,0.25,0.023
Hardy,2021-05,spr,NA,3730.967742,9.087096774,219,5,0.01,0.48,0.023
Cascade,2021-05,spr,4567.419355,4567.419355,9.087096774,222,7,0,0.24,0.029
LPPC US,2021-06,,3327.333333,3327.333333,13.92333333,NA,NA,NA,NA,NA
LPPC DS,2021-06,,NA,3327.333333,13.92333333,NA,NA,NA,NA,NA
Craig,2021-06,,NA,3327.333333,13.92333333,NA,NA,NA,NA,NA
Dearborn US,2021-06,,NA,3327.333333,13.92333333,NA,NA,NA,NA,NA
Dearborn DS,2021-06,,NA,3327.333333,13.92333333,NA,NA,NA,NA,NA
Hardy,2021-06,,NA,NA,13.92333333,NA,NA,NA,NA,NA
Cascade,2021-06,,3949.333333,3949.333333,13.92333333,NA,NA,NA,NA,NA
LPPC US,2021-07,sum,2824.83871,2824.83871,17.95806452,224,2.9,0,0.23,0.023
LPPC DS,2021-07,sum,NA,2824.83871,NA,219,1.6,0,0.18,0.02
Craig,2021-07,sum,NA,2824.83871,NA,230,5,0,0.23,0.04
Dearborn US,2021-07,sum,NA,2824.83871,NA,225,1.5,0,0.21,0.019
Dearborn DS,2021-07,sum,NA,2824.83871,NA,232,1.6,0,0.21,0.017
Hardy,2021-07,sum,NA,2824.83871,NA,229,1.8,0,0.21,0.015
Cascade,2021-07,sum,3098.709677,3098.709677,NA,222,2.1,0,0.22,0.019
LPPC US,2021-08,,3088.064516,3088.064516,17.50967742,NA,NA,NA,NA,NA
LPPC DS,2021-08,,NA,3088.064516,NA,NA,NA,NA,NA,NA
Craig,2021-08,,NA,3088.064516,NA,NA,NA,NA,NA,NA
Dearborn US,2021-08,,NA,3088.064516,NA,NA,NA,NA,NA,NA
Dearborn DS,2021-08,,NA,3088.064516,NA,NA,NA,NA,NA,NA
Hardy,2021-08,,NA,3088.064516,NA,NA,NA,NA,NA,NA
Cascade,2021-08,,3070.645161,3070.645161,NA,NA,NA,NA,NA,NA
LPPC US,2021-09,fal,3066.666667,3066.666667,15.8,228,5,0.02,0.33,0.042
LPPC DS,2021-09,fal,NA,3066.666667,15.8,217,4,0.02,0.22,0.025
Craig,2021-09,fal,NA,3066.666667,15.8,227,3.5,0,0.33,0.039
Dearborn US,2021-09,fal,NA,3066.666667,15.8,229,2.9,0,0.28,0.035
Dearborn DS,2021-09,fal,NA,3066.666667,15.8,228,3,0,0.28,0.034
Hardy,2021-09,fal,NA,3066.666667,15.8,226,6,0,0.29,0.04
Cascade,2021-09,fal,2970,2970,15.8,230,1.9,0,0.24,0.022
LPPC US,2021-10,,3014.83871,3014.83871,12.65806452,NA,NA,NA,NA,NA
LPPC DS,2021-10,,NA,3014.83871,NA,NA,NA,NA,NA,NA
Craig,2021-10,,NA,3014.83871,NA,NA,NA,NA,NA,NA
Dearborn US,2021-10,,NA,3014.83871,NA,NA,NA,NA,NA,NA
Dearborn DS,2021-10,,NA,3014.83871,NA,NA,NA,NA,NA,NA
Hardy,2021-10,,NA,3014.83871,NA,NA,NA,NA,NA,NA
Cascade,2021-10,,3084.83871,3084.83871,NA,NA,NA,NA,NA,NA
LPPC US,2021-11,,3055,3055,8.304,NA,NA,NA,NA,NA
LPPC DS,2021-11,,NA,3055,NA,NA,NA,NA,NA,NA
Craig,2021-11,,NA,3055,NA,NA,NA,NA,NA,NA
Dearborn US,2021-11,,NA,3055,NA,NA,NA,NA,NA,NA
Dearborn DS,2021-11,,NA,3055,NA,NA,NA,NA,NA,NA
Hardy,2021-11,,NA,3055,NA,NA,NA,NA,NA,NA
Cascade,2021-11,,3225.333333,3225.333333,NA,NA,NA,NA,NA,NA
LPPC US,2021-12,,3290.322581,3290.322581,3.806451613,NA,NA,NA,NA,NA
LPPC DS,2021-12,,NA,3290.322581,NA,NA,NA,NA,NA,NA
Craig,2021-12,,NA,3290.322581,NA,NA,NA,NA,NA,NA
Dearborn US,2021-12,,NA,3290.322581,NA,NA,NA,NA,NA,NA
Dearborn DS,2021-12,,NA,3290.322581,NA,NA,NA,NA,NA,NA
Hardy,2021-12,,NA,3290.322581,NA,NA,NA,NA,NA,NA
Cascade,2021-12,,3407.096774,3407.096774,NA,NA,NA,NA,NA,NA
LPPC US,2022-01,,3131.935484,3131.935484,1.058064516,NA,NA,NA,NA,NA
LPPC DS,2022-01,,NA,3131.935484,NA,NA,NA,NA,NA,NA
Craig,2022-01,,NA,3131.935484,NA,NA,NA,NA,NA,NA
Dearborn US,2022-01,,NA,3131.935484,NA,NA,NA,NA,NA,NA
Dearborn DS,2022-01,,NA,3131.935484,NA,NA,NA,NA,NA,NA
Hardy,2022-01,,NA,3131.935484,NA,NA,NA,NA,NA,NA
Cascade,2022-01,,3176.451613,3176.451613,NA,NA,NA,NA,NA,NA
LPPC US,2022-02,,3387.142857,3387.142857,1.414285714,NA,NA,NA,NA,NA
LPPC DS,2022-02,,NA,3387.142857,NA,NA,NA,NA,NA,NA
Craig,2022-02,,NA,3387.142857,NA,NA,NA,NA,NA,NA
Dearborn US,2022-02,,NA,3387.142857,NA,NA,NA,NA,NA,NA
Dearborn DS,2022-02,,NA,3387.142857,NA,NA,NA,NA,NA,NA
Hardy,2022-02,,NA,3387.142857,NA,NA,NA,NA,NA,NA
Cascade,2022-02,,3546.428571,3546.428571,NA,NA,NA,NA,NA,NA
LPPC US,2022-03,,3157.096774,3157.096774,2.2,NA,NA,NA,NA,NA
LPPC DS,2022-03,,NA,3157.096774,NA,NA,NA,NA,NA,NA
Craig,2022-03,,NA,3157.096774,NA,NA,NA,NA,NA,NA
Dearborn US,2022-03,,NA,3157.096774,NA,NA,NA,NA,NA,NA
Dearborn DS,2022-03,,NA,3157.096774,NA,NA,NA,NA,NA,NA
Hardy,2022-03,,NA,3157.096774,NA,NA,NA,NA,NA,NA
Cascade,2022-03,,3226.774194,3226.774194,NA,NA,NA,NA,NA,NA
LPPC US,2022-04,,3107,3107,4.433333333,NA,NA,NA,NA,NA
LPPC DS,2022-04,,NA,3107,NA,NA,NA,NA,NA,NA
Craig,2022-04,,NA,3107,NA,NA,NA,NA,NA,NA
Dearborn US,2022-04,,NA,3107,NA,NA,NA,NA,NA,NA
Dearborn DS,2022-04,,NA,3107,NA,NA,NA,NA,NA,NA
Hardy,2022-04,,NA,3107,NA,NA,NA,NA,NA,NA
Cascade,2022-04,,3119.333333,3119.333333,NA,NA,NA,NA,NA,NA
LPPC US,2022-05,spr,3043.548387,3043.548387,8.535483871,243,5,0.009,0.23,0.047
LPPC DS,2022-05,spr,NA,3043.548387,8.535483871,225,6,0.009,0.18,0.02
Craig,2022-05,spr,NA,3043.548387,8.535483871,247,3.9,NA,0.23,0.02
Dearborn US,2022-05,spr,NA,3043.548387,8.535483871,245,6,NA,0.22,0.026
Dearborn DS,2022-05,spr,NA,3043.548387,8.535483871,246,5,NA,0.2,0.022
Hardy,2022-05,spr,NA,3043.548387,8.535483871,247,3.9,NA,0.2,0.021
Cascade,2022-05,spr,3230.645161,3230.645161,8.535483871,230,3.3,NA,0.18,0.018
LPPC US,2022-06,,4851,4851,12.84666667,NA,NA,NA,NA,NA
LPPC DS,2022-06,,NA,4851,NA,NA,NA,NA,NA,NA
Craig,2022-06,,NA,4851,NA,NA,NA,NA,NA,NA
Dearborn US,2022-06,,NA,4851,NA,NA,NA,NA,NA,NA
Dearborn DS,2022-06,,NA,4851,NA,NA,NA,NA,NA,NA
Hardy,2022-06,,NA,4851,NA,NA,NA,NA,NA,NA
Cascade,2022-06,,5062.666667,5062.666667,NA,NA,NA,NA,NA,NA
LPPC US,2022-07,sum,4559.032258,4559.032258,17.30322581,216,1.8,NA,0.3,0.031
LPPC DS,2022-07,sum,NA,4559.032258,17.30322581,193,1.1,0.01,0.25,0.014
Craig,2022-07,sum,NA,4559.032258,17.30322581,222,0.8,NA,0.3,0.024
Dearborn US,2022-07,sum,NA,4559.032258,17.30322581,222,1.7,NA,0.23,0.019
Dearborn DS,2022-07,sum,NA,4559.032258,17.30322581,163,1.3,NA,0.09,0.006
Hardy,2022-07,sum,NA,4559.032258,17.30322581,224,2.3,NA,0.17,0.02
Cascade,2022-07,sum,4732.903226,4732.903226,17.30322581,224,5,NA,0.19,0.023
LPPC US,2022-08,,4152.580645,4152.580645,18.98387097,NA,NA,NA,NA,NA
LPPC DS,2022-08,,NA,4152.580645,NA,NA,NA,NA,NA,NA
Craig,2022-08,,NA,4152.580645,NA,NA,NA,NA,NA,NA
Dearborn US,2022-08,,NA,4152.580645,NA,NA,NA,NA,NA,NA
Dearborn DS,2022-08,,NA,4152.580645,NA,NA,NA,NA,NA,NA
Hardy,2022-08,,NA,4152.580645,NA,NA,NA,NA,NA,NA
Cascade,2022-08,,3860,3860,NA,NA,NA,NA,NA,NA
LPPC US,2022-09,fal,4172.333333,4172.333333,17.15333333,210,3.9,0.05,0.3,0.046
LPPC DS,2022-09,fal,NA,4172.333333,17.15333333,207,2.9,0.05,0.32,0.04
Craig,2022-09,fal,NA,4172.333333,17.15333333,211,2.9,0.04,0.34,0.041
Dearborn US,2022-09,fal,NA,4172.333333,17.15333333,208,3.2,0.04,0.32,0.038
Dearborn DS,2022-09,fal,NA,4172.333333,17.15333333,211,3.1,0.04,0.47,0.037
Hardy,2022-09,fal,NA,4172.333333,17.15333333,210,3,0.02,0.29,0.034
Cascade,2022-09,fal,4124,4124,17.15333333,207,2.6,NA,0.22,0.029
LPPC US,2022-10,,3524.83871,3524.83871,13.65483871,NA,NA,NA,NA,NA
LPPC DS,2022-10,,NA,3524.83871,NA,NA,NA,NA,NA,NA
Craig,2022-10,,NA,3524.83871,NA,NA,NA,NA,NA,NA
Dearborn US,2022-10,,NA,3524.83871,NA,NA,NA,NA,NA,NA
Dearborn DS,2022-10,,NA,3524.83871,NA,NA,NA,NA,NA,NA
Hardy,2022-10,,NA,3524.83871,NA,NA,NA,NA,NA,NA
Cascade,2022-10,,3835.16129,3835.16129,NA,NA,NA,NA,NA,NA
LPPC US,2022-11,,3430.666667,3430.666667,5.843333333,NA,NA,NA,NA,NA
LPPC DS,2022-11,,NA,3430.666667,NA,NA,NA,NA,NA,NA
Craig,2022-11,,NA,3430.666667,NA,NA,NA,NA,NA,NA
Dearborn US,2022-11,,NA,3430.666667,NA,NA,NA,NA,NA,NA
Dearborn DS,2022-11,,NA,3430.666667,NA,NA,NA,NA,NA,NA
Hardy,2022-11,,NA,3430.666667,NA,NA,NA,NA,NA,NA
Cascade,2022-11,,3718.928571,3718.928571,NA,NA,NA,NA,NA,NA
LPPC US,2022-12,,3608.064516,3608.064516,1.016129032,NA,NA,NA,NA,NA
LPPC DS,2022-12,,NA,3608.064516,NA,NA,NA,NA,NA,NA
Craig,2022-12,,NA,3608.064516,NA,NA,NA,NA,NA,NA
Dearborn US,2022-12,,NA,3608.064516,NA,NA,NA,NA,NA,NA
Dearborn DS,2022-12,,NA,3608.064516,NA,NA,NA,NA,NA,NA
Hardy,2022-12,,NA,3608.064516,NA,NA,NA,NA,NA,NA
Cascade,2022-12,,3608.064516,3608.064516,NA,NA,NA,NA,NA,NA
LPPC US,2023-01,,,,,,,,,
LPPC DS,2023-01,,,,,,,,,
Craig,2023-01,,,,,,,,,
Dearborn US,2023-01,,,,,,,,,
Dearborn DS,2023-01,,,,,,,,,
Hardy,2023-01,,,,,,,,,
Cascade,2023-01,,,,,,,,,
LPPC US,2023-02,,,,,,,,,
LPPC DS,2023-02,,,,,,,,,
Craig,2023-02,,,,,,,,,
Dearborn US,2023-02,,,,,,,,,
Dearborn DS,2023-02,,,,,,,,,
Hardy,2023-02,,,,,,,,,
Cascade,2023-02,,,,,,,,,
LPPC US,2023-03,,,,,,,,,
LPPC DS,2023-03,,,,,,,,,
Craig,2023-03,,,,,,,,,
Dearborn US,2023-03,,,,,,,,,
Dearborn DS,2023-03,,,,,,,,,
Hardy,2023-03,,,,,,,,,
Cascade,2023-03,,,,,,,,,
LPPC US,2023-04,,,,,,,,,
LPPC DS,2023-04,,,,,,,,,
Craig,2023-04,,,,,,,,,
Dearborn US,2023-04,,,,,,,,,
Dearborn DS,2023-04,,,,,,,,,
Hardy,2023-04,,,,,,,,,
Cascade,2023-04,,,,,,,,,
LPPC US,2023-05,spr,,,,231,4,0.03,0.23,0.016
LPPC DS,2023-05,spr,,,,136,44,0.1,0.28,0.04
Craig,2023-05,spr,,,,231,4,0.03,0.25,0.017
Dearborn US,2023-05,spr,,,,224,5,0.03,0.25,0.02
Dearborn DS,2023-05,spr,,,,215,13,0.04,0.25,0.019
Hardy,2023-05,spr,,,,221,10,0.04,0.24,0.049
Cascade,2023-05,spr,,,,214,10,0.04,0.26,0.025
LPPC US,2023-06,,,,,,,,,
LPPC DS,2023-06,,,,,,,,,
Craig,2023-06,,,,,,,,,
Dearborn US,2023-06,,,,,,,,,
Dearborn DS,2023-06,,,,,,,,,
Hardy,2023-06,,,,,,,,,
Cascade,2023-06,,,,,,,,,
LPPC US,2023-07,sum,,,,195,2,0.08,0.38,0.029
LPPC DS,2023-07,sum,,,,196,3,0.06,0.19,0.016
Craig,2023-07,sum,,,,198,2,0.05,0.37,0.019
Dearborn US,2023-07,sum,,,,195,2,0.04,0.35,0.014
Dearborn DS,2023-07,sum,,,,191,2,0.02,0.4,0.015
Hardy,2023-07,sum,,,,193,2,0.02,0.35,0.015
Cascade,2023-07,sum,,,,199,4,0.01,0.31,0.015
LPPC US,2023-08,,,,,,,,,
LPPC DS,2023-08,,,,,,,,,
Craig,2023-08,,,,,,,,,
Dearborn US,2023-08,,,,,,,,,
Dearborn DS,2023-08,,,,,,,,,
Hardy,2023-08,,,,,,,,,
Cascade,2023-08,,,,,,,,,
LPPC US,2023-09,fal,,,,207,3,0.06,0.32,0.044
LPPC DS,2023-09,fal,,,,214,2,,0.12,0.01
Craig,2023-09,fal,,,,205,4,0.04,0.33,0.043
Dearborn US,2023-09,fal,,,,207,2,0.05,0.35,0.038
Dearborn DS,2023-09,fal,,,,206,2,0.04,0.33,0.035
Hardy,2023-09,fal,,,,208,2,0.04,0.35,0.031
Cascade,2023-09,fal,,,,205,2,,0.37,0.03
LPPC US,2023-10,,,,,,,,,
LPPC DS,2023-10,,,,,,,,,
Craig,2023-10,,,,,,,,,
Dearborn US,2023-10,,,,,,,,,
Dearborn DS,2023-10,,,,,,,,,
Hardy,2023-10,,,,,,,,,
Cascade,2023-10,,,,,,,,,
LPPC US,2023-11,,,,,,,,,
LPPC DS,2023-11,,,,,,,,,
Craig,2023-11,,,,,,,,,
Dearborn US,2023-11,,,,,,,,,
Dearborn DS,2023-11,,,,,,,,,
Hardy,2023-11,,,,,,,,,
Cascade,2023-11,,,,,,,,,
LPPC US,2023-12,,,,,,,,,
LPPC DS,2023-12,,,,,,,,,
Craig,2023-12,,,,,,,,,
Dearborn US,2023-12,,,,,,,,,
Dearborn DS,2023-12,,,,,,,,,
Hardy,2023-12,,,,,,,,,
Cascade,2023-12,,,,,,,,,
