Site,Date,TDS.mg.L,TSS.mg.L,NN.mg.L,TN.mg.L,TP.mg.L
LPPC US,2015-01,NA,NA,NA,NA,NA
LPPC DS,2015-01,NA,NA,NA,NA,NA
Craig,2015-01,NA,NA,NA,NA,NA
Dearborn US,2015-01,NA,NA,NA,NA,NA
Dearborn DS,2015-01,NA,NA,NA,NA,NA
Hardy,2015-01,NA,NA,NA,NA,NA
Cascade,2015-01,NA,NA,NA,NA,NA
LPPC US,2015-02,NA,NA,NA,NA,NA
LPPC DS,2015-02,NA,NA,NA,NA,NA
Craig,2015-02,NA,NA,NA,NA,NA
Dearborn US,2015-02,NA,NA,NA,NA,NA
Dearborn DS,2015-02,NA,NA,NA,NA,NA
Hardy,2015-02,NA,NA,NA,NA,NA
Cascade,2015-02,NA,NA,NA,NA,NA
LPPC US,2015-03,NA,NA,NA,NA,NA
LPPC DS,2015-03,NA,NA,NA,NA,NA
Craig,2015-03,NA,NA,NA,NA,NA
Dearborn US,2015-03,NA,NA,NA,NA,NA
Dearborn DS,2015-03,NA,NA,NA,NA,NA
Hardy,2015-03,NA,NA,NA,NA,NA
Cascade,2015-03,NA,NA,NA,NA,NA
LPPC US,2015-04,NA,NA,NA,NA,NA
LPPC DS,2015-04,NA,NA,NA,NA,NA
Craig,2015-04,NA,NA,NA,NA,NA
Dearborn US,2015-04,NA,NA,NA,NA,NA
Dearborn DS,2015-04,NA,NA,NA,NA,NA
Hardy,2015-04,NA,NA,NA,NA,NA
Cascade,2015-04,NA,NA,NA,NA,NA
LPPC US,2015-05,NA,NA,NA,NA,NA
LPPC DS,2015-05,NA,NA,NA,NA,NA
Craig,2015-05,NA,NA,NA,NA,NA
Dearborn US,2015-05,NA,NA,NA,NA,NA
Dearborn DS,2015-05,NA,NA,NA,NA,NA
Hardy,2015-05,NA,NA,NA,NA,NA
Cascade,2015-05,NA,NA,NA,NA,NA
LPPC US,2015-06,NA,NA,NA,NA,NA
LPPC DS,2015-06,NA,NA,NA,NA,NA
Craig,2015-06,NA,NA,NA,NA,NA
Dearborn US,2015-06,NA,NA,NA,NA,NA
Dearborn DS,2015-06,NA,NA,NA,NA,NA
Hardy,2015-06,NA,NA,NA,NA,NA
Cascade,2015-06,NA,NA,NA,NA,NA
LPPC US,2015-07,NA,NA,NA,NA,NA
LPPC DS,2015-07,NA,NA,NA,NA,NA
Craig,2015-07,NA,NA,NA,NA,NA
Dearborn US,2015-07,NA,NA,NA,NA,NA
Dearborn DS,2015-07,NA,NA,NA,NA,NA
Hardy,2015-07,NA,NA,NA,NA,NA
Cascade,2015-07,NA,NA,NA,NA,NA
LPPC US,2015-08,NA,NA,NA,NA,NA
LPPC DS,2015-08,NA,NA,NA,NA,NA
Craig,2015-08,NA,NA,NA,NA,NA
Dearborn US,2015-08,NA,NA,NA,NA,NA
Dearborn DS,2015-08,NA,NA,NA,NA,NA
Hardy,2015-08,NA,NA,NA,NA,NA
Cascade,2015-08,NA,NA,NA,NA,NA
LPPC US,2015-09,NA,NA,NA,NA,NA
LPPC DS,2015-09,NA,NA,NA,NA,NA
Craig,2015-09,NA,NA,NA,NA,NA
Dearborn US,2015-09,NA,NA,NA,NA,NA
Dearborn DS,2015-09,NA,NA,NA,NA,NA
Hardy,2015-09,NA,NA,NA,NA,NA
Cascade,2015-09,NA,NA,NA,NA,NA
LPPC US,2015-10,NA,NA,NA,NA,NA
LPPC DS,2015-10,NA,NA,NA,NA,NA
Craig,2015-10,NA,NA,NA,NA,NA
Dearborn US,2015-10,NA,NA,NA,NA,NA
Dearborn DS,2015-10,NA,NA,NA,NA,NA
Hardy,2015-10,NA,NA,NA,NA,NA
Cascade,2015-10,NA,NA,NA,NA,NA
LPPC US,2015-11,NA,NA,NA,NA,NA
LPPC DS,2015-11,NA,NA,NA,NA,NA
Craig,2015-11,NA,NA,NA,NA,NA
Dearborn US,2015-11,NA,NA,NA,NA,NA
Dearborn DS,2015-11,NA,NA,NA,NA,NA
Hardy,2015-11,NA,NA,NA,NA,NA
Cascade,2015-11,NA,NA,NA,NA,NA
LPPC US,2015-12,NA,NA,NA,NA,NA
LPPC DS,2015-12,NA,NA,NA,NA,NA
Craig,2015-12,NA,NA,NA,NA,NA
Dearborn US,2015-12,NA,NA,NA,NA,NA
Dearborn DS,2015-12,NA,NA,NA,NA,NA
Hardy,2015-12,NA,NA,NA,NA,NA
Cascade,2015-12,NA,NA,NA,NA,NA
LPPC US,2016-01,NA,NA,NA,NA,NA
LPPC DS,2016-01,NA,NA,NA,NA,NA
Craig,2016-01,NA,NA,NA,NA,NA
Dearborn US,2016-01,NA,NA,NA,NA,NA
Dearborn DS,2016-01,NA,NA,NA,NA,NA
Hardy,2016-01,NA,NA,NA,NA,NA
Cascade,2016-01,NA,NA,NA,NA,NA
LPPC US,2016-02,NA,NA,NA,NA,NA
LPPC DS,2016-02,NA,NA,NA,NA,NA
Craig,2016-02,NA,NA,NA,NA,NA
Dearborn US,2016-02,NA,NA,NA,NA,NA
Dearborn DS,2016-02,NA,NA,NA,NA,NA
Hardy,2016-02,NA,NA,NA,NA,NA
Cascade,2016-02,NA,NA,NA,NA,NA
LPPC US,2016-03,NA,NA,NA,NA,NA
LPPC DS,2016-03,NA,NA,NA,NA,NA
Craig,2016-03,NA,NA,NA,NA,NA
Dearborn US,2016-03,NA,NA,NA,NA,NA
Dearborn DS,2016-03,NA,NA,NA,NA,NA
Hardy,2016-03,NA,NA,NA,NA,NA
Cascade,2016-03,NA,NA,NA,NA,NA
LPPC US,2016-04,NA,0,0,0.24,0.014
LPPC DS,2016-04,NA,14,0.05,0.23,0.02
Craig,2016-04,NA,4,0,0.22,0.016
Dearborn US,2016-04,NA,4,0,0.22,0.018
Dearborn DS,2016-04,NA,7,0,0.09,0.01
Hardy,2016-04,NA,5,0,0.23,0.021
Cascade,2016-04,NA,8,0,0.26,0.019
LPPC US,2016-05,121,NA,NA,NA,NA
LPPC DS,2016-05,85,NA,NA,NA,NA
Craig,2016-05,125,NA,NA,NA,NA
Dearborn US,2016-05,136,NA,NA,NA,NA
Dearborn DS,2016-05,132,NA,NA,NA,NA
Hardy,2016-05,138,NA,NA,NA,NA
Cascade,2016-05,143,NA,NA,NA,NA
LPPC US,2016-06,NA,NA,NA,NA,NA
LPPC DS,2016-06,NA,NA,NA,NA,NA
Craig,2016-06,NA,NA,NA,NA,NA
Dearborn US,2016-06,NA,NA,NA,NA,NA
Dearborn DS,2016-06,NA,NA,NA,NA,NA
Hardy,2016-06,NA,NA,NA,NA,NA
Cascade,2016-06,NA,NA,NA,NA,NA
LPPC US,2016-07,179,0,0,0.13,0.011
LPPC DS,2016-07,135,0,0,0.04,0.008
Craig,2016-07,144,0,0,0.15,0.012
Dearborn US,2016-07,149,0,0,0.15,0.012
Dearborn DS,2016-07,137,0,0,0.14,0.013
Hardy,2016-07,141,0,0,0.14,0.013
Cascade,2016-07,176,5,0,0.14,0.015
LPPC US,2016-08,NA,NA,NA,NA,NA
LPPC DS,2016-08,NA,NA,NA,NA,NA
Craig,2016-08,NA,NA,NA,NA,NA
Dearborn US,2016-08,NA,NA,NA,NA,NA
Dearborn DS,2016-08,NA,NA,NA,NA,NA
Hardy,2016-08,NA,NA,NA,NA,NA
Cascade,2016-08,NA,NA,NA,NA,NA
LPPC US,2016-09,NA,NA,NA,NA,NA
LPPC DS,2016-09,NA,NA,NA,NA,NA
Craig,2016-09,NA,NA,NA,NA,NA
Dearborn US,2016-09,NA,NA,NA,NA,NA
Dearborn DS,2016-09,NA,NA,NA,NA,NA
Hardy,2016-09,NA,NA,NA,NA,NA
Cascade,2016-09,NA,NA,NA,NA,NA
LPPC US,2016-10,166,0,0.07,0.28,0.023
LPPC DS,2016-10,155,0,0.02,0.18,0.017
Craig,2016-10,152,0,0.06,0.26,0.02
Dearborn US,2016-10,NA,0,0.06,0.26,0.019
Dearborn DS,2016-10,NA,0,0,0.06,0
Hardy,2016-10,151,0,0.05,0.25,0.017
Cascade,2016-10,155,0,0,0.19,0.015
LPPC US,2016-11,NA,NA,NA,NA,NA
LPPC DS,2016-11,NA,NA,NA,NA,NA
Craig,2016-11,NA,NA,NA,NA,NA
Dearborn US,2016-11,NA,NA,NA,NA,NA
Dearborn DS,2016-11,NA,NA,NA,NA,NA
Hardy,2016-11,NA,NA,NA,NA,NA
Cascade,2016-11,NA,NA,NA,NA,NA
LPPC US,2016-12,NA,NA,NA,NA,NA
LPPC DS,2016-12,NA,NA,NA,NA,NA
Craig,2016-12,NA,NA,NA,NA,NA
Dearborn US,2016-12,NA,NA,NA,NA,NA
Dearborn DS,2016-12,NA,NA,NA,NA,NA
Hardy,2016-12,NA,NA,NA,NA,NA
Cascade,2016-12,NA,NA,NA,NA,NA
LPPC US,2017-01,NA,NA,NA,NA,NA
LPPC DS,2017-01,NA,NA,NA,NA,NA
Craig,2017-01,NA,NA,NA,NA,NA
Dearborn US,2017-01,NA,NA,NA,NA,NA
Dearborn DS,2017-01,NA,NA,NA,NA,NA
Hardy,2017-01,NA,NA,NA,NA,NA
Cascade,2017-01,NA,NA,NA,NA,NA
LPPC US,2017-02,NA,NA,NA,NA,NA
LPPC DS,2017-02,NA,NA,NA,NA,NA
Craig,2017-02,NA,NA,NA,NA,NA
Dearborn US,2017-02,NA,NA,NA,NA,NA
Dearborn DS,2017-02,NA,NA,NA,NA,NA
Hardy,2017-02,NA,NA,NA,NA,NA
Cascade,2017-02,NA,NA,NA,NA,NA
LPPC US,2017-03,NA,NA,NA,NA,NA
LPPC DS,2017-03,NA,NA,NA,NA,NA
Craig,2017-03,NA,NA,NA,NA,NA
Dearborn US,2017-03,NA,NA,NA,NA,NA
Dearborn DS,2017-03,NA,NA,NA,NA,NA
Hardy,2017-03,NA,NA,NA,NA,NA
Cascade,2017-03,NA,NA,NA,NA,NA
LPPC US,2017-04,NA,NA,NA,NA,NA
LPPC DS,2017-04,NA,NA,NA,NA,NA
Craig,2017-04,NA,NA,NA,NA,NA
Dearborn US,2017-04,NA,NA,NA,NA,NA
Dearborn DS,2017-04,NA,NA,NA,NA,NA
Hardy,2017-04,NA,NA,NA,NA,NA
Cascade,2017-04,NA,NA,NA,NA,NA
LPPC US,2017-05,NA,NA,NA,NA,NA
LPPC DS,2017-05,NA,NA,NA,NA,NA
Craig,2017-05,NA,NA,NA,NA,NA
Dearborn US,2017-05,NA,NA,NA,NA,NA
Dearborn DS,2017-05,NA,NA,NA,NA,NA
Hardy,2017-05,NA,NA,NA,NA,NA
Cascade,2017-05,NA,NA,NA,NA,NA
LPPC US,2017-06,150,NA,NA,NA,NA
LPPC DS,2017-06,110,NA,NA,NA,NA
Craig,2017-06,163,NA,NA,NA,NA
Dearborn US,2017-06,NA,NA,NA,NA,NA
Dearborn DS,2017-06,NA,NA,NA,NA,NA
Hardy,2017-06,NA,NA,NA,NA,NA
Cascade,2017-06,NA,NA,NA,NA,NA
LPPC US,2017-07,216,0,0,0.18,0.013
LPPC DS,2017-07,197,0,0.04,0.12,0.016
Craig,2017-07,207,0,0,0.22,0.012
Dearborn US,2017-07,202,0,0.05,0.22,0.012
Dearborn DS,2017-07,187,0,0,0.09,0.004
Hardy,2017-07,208,0,0,0.2,0.012
Cascade,2017-07,206,4,0,0.21,0.014
LPPC US,2017-08,NA,NA,NA,NA,NA
LPPC DS,2017-08,NA,NA,NA,NA,NA
Craig,2017-08,NA,NA,NA,NA,NA
Dearborn US,2017-08,NA,NA,NA,NA,NA
Dearborn DS,2017-08,NA,NA,NA,NA,NA
Hardy,2017-08,NA,NA,NA,NA,NA
Cascade,2017-08,NA,NA,NA,NA,NA
LPPC US,2017-09,NA,NA,NA,NA,NA
LPPC DS,2017-09,NA,NA,NA,NA,NA
Craig,2017-09,NA,NA,NA,NA,NA
Dearborn US,2017-09,NA,NA,NA,NA,NA
Dearborn DS,2017-09,NA,NA,NA,NA,NA
Hardy,2017-09,NA,NA,NA,NA,NA
Cascade,2017-09,NA,NA,NA,NA,NA
LPPC US,2017-10,197,0,0.14,0.38,0.068
LPPC DS,2017-10,203,0,0,0.11,0.016
Craig,2017-10,195,0,0.14,0.36,0.068
Dearborn US,2017-10,194,0,0.15,0.37,0.067
Dearborn DS,2017-10,191,0,0.15,0.36,0.069
Hardy,2017-10,190,0,0.15,0.34,0.063
Cascade,2017-10,193,0,0.08,0.29,0.055
LPPC US,2017-11,NA,NA,NA,NA,NA
LPPC DS,2017-11,NA,NA,NA,NA,NA
Craig,2017-11,NA,NA,NA,NA,NA
Dearborn US,2017-11,NA,NA,NA,NA,NA
Dearborn DS,2017-11,NA,NA,NA,NA,NA
Hardy,2017-11,NA,NA,NA,NA,NA
Cascade,2017-11,NA,NA,NA,NA,NA
LPPC US,2017-12,NA,NA,NA,NA,NA
LPPC DS,2017-12,NA,NA,NA,NA,NA
Craig,2017-12,NA,NA,NA,NA,NA
Dearborn US,2017-12,NA,NA,NA,NA,NA
Dearborn DS,2017-12,NA,NA,NA,NA,NA
Hardy,2017-12,NA,NA,NA,NA,NA
Cascade,2017-12,NA,NA,NA,NA,NA
LPPC US,2018-01,NA,NA,NA,NA,NA
LPPC DS,2018-01,NA,NA,NA,NA,NA
Craig,2018-01,NA,NA,NA,NA,NA
Dearborn US,2018-01,NA,NA,NA,NA,NA
Dearborn DS,2018-01,NA,NA,NA,NA,NA
Hardy,2018-01,NA,NA,NA,NA,NA
Cascade,2018-01,NA,NA,NA,NA,NA
LPPC US,2018-02,NA,NA,NA,NA,NA
LPPC DS,2018-02,NA,NA,NA,NA,NA
Craig,2018-02,NA,NA,NA,NA,NA
Dearborn US,2018-02,NA,NA,NA,NA,NA
Dearborn DS,2018-02,NA,NA,NA,NA,NA
Hardy,2018-02,NA,NA,NA,NA,NA
Cascade,2018-02,NA,NA,NA,NA,NA
LPPC US,2018-03,NA,NA,NA,NA,NA
LPPC DS,2018-03,NA,NA,NA,NA,NA
Craig,2018-03,NA,NA,NA,NA,NA
Dearborn US,2018-03,NA,NA,NA,NA,NA
Dearborn DS,2018-03,NA,NA,NA,NA,NA
Hardy,2018-03,NA,NA,NA,NA,NA
Cascade,2018-03,NA,NA,NA,NA,NA
LPPC US,2018-04,NA,NA,NA,NA,NA
LPPC DS,2018-04,NA,NA,NA,NA,NA
Craig,2018-04,NA,NA,NA,NA,NA
Dearborn US,2018-04,NA,NA,NA,NA,NA
Dearborn DS,2018-04,NA,NA,NA,NA,NA
Hardy,2018-04,NA,NA,NA,NA,NA
Cascade,2018-04,NA,NA,NA,NA,NA
LPPC US,2018-05,NA,NA,NA,NA,NA
LPPC DS,2018-05,NA,NA,NA,NA,NA
Craig,2018-05,NA,NA,NA,NA,NA
Dearborn US,2018-05,NA,NA,NA,NA,NA
Dearborn DS,2018-05,NA,NA,NA,NA,NA
Hardy,2018-05,NA,NA,NA,NA,NA
Cascade,2018-05,NA,NA,NA,NA,NA
LPPC US,2018-06,203,6,0.14,0.45,0.031
LPPC DS,2018-06,202,2.4,0.14,0.43,0.03
Craig,2018-06,206,10,0.14,0.44,0.037
Dearborn US,2018-06,204,6,0.15,0.44,0.033
Dearborn DS,2018-06,166,6,0,0.08,0.006
Hardy,2018-06,204,7,0.14,0.41,0.028
Cascade,2018-06,206,9,0.14,0.42,0.035
LPPC US,2018-07,177,1.2,0.08,0.38,0.033
LPPC DS,2018-07,198,2.8,0.06,0.24,0.018
Craig,2018-07,173,1.6,0.03,0.32,0.031
Dearborn US,2018-07,163,1.6,0.04,0.32,0.028
Dearborn DS,2018-07,192,0.8,0,0.11,0.006
Hardy,2018-07,167,1.2,0.03,0.33,0.027
Cascade,2018-07,168,4,0,0.3,0.025
LPPC US,2018-08,NA,NA,NA,NA,NA
LPPC DS,2018-08,NA,NA,NA,NA,NA
Craig,2018-08,NA,NA,NA,NA,NA
Dearborn US,2018-08,NA,NA,NA,NA,NA
Dearborn DS,2018-08,NA,NA,NA,NA,NA
Hardy,2018-08,NA,NA,NA,NA,NA
Cascade,2018-08,NA,NA,NA,NA,NA
LPPC US,2018-09,NA,NA,NA,NA,NA
LPPC DS,2018-09,NA,NA,NA,NA,NA
Craig,2018-09,NA,NA,NA,NA,NA
Dearborn US,2018-09,NA,NA,NA,NA,NA
Dearborn DS,2018-09,NA,NA,NA,NA,NA
Hardy,2018-09,NA,NA,NA,NA,NA
Cascade,2018-09,NA,NA,NA,NA,NA
LPPC US,2018-10,179,2.4,0.17,0.49,0.08
LPPC DS,2018-10,208,2.4,0.07,0.24,0.017
Craig,2018-10,181,2.8,0.17,0.48,0.081
Dearborn US,2018-10,177,1.2,0.17,0.46,0.079
Dearborn DS,2018-10,205,0.8,0,0.07,0
Hardy,2018-10,179,2,0.19,0.47,0.078
Cascade,2018-10,180,1.2,0.14,0.47,0.076
LPPC US,2018-11,NA,NA,NA,NA,NA
LPPC DS,2018-11,NA,NA,NA,NA,NA
Craig,2018-11,NA,NA,NA,NA,NA
Dearborn US,2018-11,NA,NA,NA,NA,NA
Dearborn DS,2018-11,NA,NA,NA,NA,NA
Hardy,2018-11,NA,NA,NA,NA,NA
Cascade,2018-11,NA,NA,NA,NA,NA
LPPC US,2018-12,NA,NA,NA,NA,NA
LPPC DS,2018-12,NA,NA,NA,NA,NA
Craig,2018-12,NA,NA,NA,NA,NA
Dearborn US,2018-12,NA,NA,NA,NA,NA
Dearborn DS,2018-12,NA,NA,NA,NA,NA
Hardy,2018-12,NA,NA,NA,NA,NA
Cascade,2018-12,NA,NA,NA,NA,NA
LPPC US,2019-01,NA,NA,NA,NA,NA
LPPC DS,2019-01,NA,NA,NA,NA,NA
Craig,2019-01,NA,NA,NA,NA,NA
Dearborn US,2019-01,NA,NA,NA,NA,NA
Dearborn DS,2019-01,NA,NA,NA,NA,NA
Hardy,2019-01,NA,NA,NA,NA,NA
Cascade,2019-01,NA,NA,NA,NA,NA
LPPC US,2019-02,NA,NA,NA,NA,NA
LPPC DS,2019-02,NA,NA,NA,NA,NA
Craig,2019-02,NA,NA,NA,NA,NA
Dearborn US,2019-02,NA,NA,NA,NA,NA
Dearborn DS,2019-02,NA,NA,NA,NA,NA
Hardy,2019-02,NA,NA,NA,NA,NA
Cascade,2019-02,NA,NA,NA,NA,NA
LPPC US,2019-03,NA,NA,NA,NA,NA
LPPC DS,2019-03,NA,NA,NA,NA,NA
Craig,2019-03,NA,NA,NA,NA,NA
Dearborn US,2019-03,NA,NA,NA,NA,NA
Dearborn DS,2019-03,NA,NA,NA,NA,NA
Hardy,2019-03,NA,NA,NA,NA,NA
Cascade,2019-03,NA,NA,NA,NA,NA
LPPC US,2019-04,NA,NA,NA,NA,NA
LPPC DS,2019-04,NA,NA,NA,NA,NA
Craig,2019-04,NA,NA,NA,NA,NA
Dearborn US,2019-04,NA,NA,NA,NA,NA
Dearborn DS,2019-04,NA,NA,NA,NA,NA
Hardy,2019-04,NA,NA,NA,NA,NA
Cascade,2019-04,NA,NA,NA,NA,NA
LPPC US,2019-05,NA,NA,NA,NA,NA
LPPC DS,2019-05,NA,NA,NA,NA,NA
Craig,2019-05,NA,NA,NA,NA,NA
Dearborn US,2019-05,NA,NA,NA,NA,NA
Dearborn DS,2019-05,NA,NA,NA,NA,NA
Hardy,2019-05,NA,NA,NA,NA,NA
Cascade,2019-05,NA,NA,NA,NA,NA
LPPC US,2019-06,NA,NA,NA,NA,NA
LPPC DS,2019-06,NA,NA,NA,NA,NA
Craig,2019-06,NA,NA,NA,NA,NA
Dearborn US,2019-06,NA,NA,NA,NA,NA
Dearborn DS,2019-06,NA,NA,NA,NA,NA
Hardy,2019-06,NA,NA,NA,NA,NA
Cascade,2019-06,NA,NA,NA,NA,NA
LPPC US,2019-07,NA,NA,NA,NA,NA
LPPC DS,2019-07,NA,NA,NA,NA,NA
Craig,2019-07,NA,NA,NA,NA,NA
Dearborn US,2019-07,NA,NA,NA,NA,NA
Dearborn DS,2019-07,NA,NA,NA,NA,NA
Hardy,2019-07,NA,NA,NA,NA,NA
Cascade,2019-07,NA,NA,NA,NA,NA
LPPC US,2019-08,NA,NA,NA,NA,NA
LPPC DS,2019-08,NA,NA,NA,NA,NA
Craig,2019-08,NA,NA,NA,NA,NA
Dearborn US,2019-08,NA,NA,NA,NA,NA
Dearborn DS,2019-08,NA,NA,NA,NA,NA
Hardy,2019-08,NA,NA,NA,NA,NA
Cascade,2019-08,NA,NA,NA,NA,NA
LPPC US,2019-09,NA,NA,NA,NA,NA
LPPC DS,2019-09,NA,NA,NA,NA,NA
Craig,2019-09,NA,NA,NA,NA,NA
Dearborn US,2019-09,NA,NA,NA,NA,NA
Dearborn DS,2019-09,NA,NA,NA,NA,NA
Hardy,2019-09,NA,NA,NA,NA,NA
Cascade,2019-09,NA,NA,NA,NA,NA
LPPC US,2019-10,206,2.8,0.11,0.34,0.06
LPPC DS,2019-10,220,1.6,0.1,0.21,0.033
Craig,2019-10,209,2,0.12,0.29,0.056
Dearborn US,2019-10,207,0.8,0.09,0.36,0.051
Dearborn DS,2019-10,217,1.2,0,0.05,0.004
Hardy,2019-10,203,0.8,0.02,0.3,0.045
Cascade,2019-10,203,1.2,0.11,0.23,0.038
LPPC US,2019-11,NA,NA,NA,NA,NA
LPPC DS,2019-11,NA,NA,NA,NA,NA
Craig,2019-11,NA,NA,NA,NA,NA
Dearborn US,2019-11,NA,NA,NA,NA,NA
Dearborn DS,2019-11,NA,NA,NA,NA,NA
Hardy,2019-11,NA,NA,NA,NA,NA
Cascade,2019-11,NA,NA,NA,NA,NA
LPPC US,2019-12,NA,NA,NA,NA,NA
LPPC DS,2019-12,NA,NA,NA,NA,NA
Craig,2019-12,NA,NA,NA,NA,NA
Dearborn US,2019-12,NA,NA,NA,NA,NA
Dearborn DS,2019-12,NA,NA,NA,NA,NA
Hardy,2019-12,NA,NA,NA,NA,NA
Cascade,2019-12,NA,NA,NA,NA,NA
LPPC US,2020-01,NA,NA,NA,NA,NA
LPPC DS,2020-01,NA,NA,NA,NA,NA
Craig,2020-01,NA,NA,NA,NA,NA
Dearborn US,2020-01,NA,NA,NA,NA,NA
Dearborn DS,2020-01,NA,NA,NA,NA,NA
Hardy,2020-01,NA,NA,NA,NA,NA
Cascade,2020-01,NA,NA,NA,NA,NA
LPPC US,2020-02,NA,NA,NA,NA,NA
LPPC DS,2020-02,NA,NA,NA,NA,NA
Craig,2020-02,NA,NA,NA,NA,NA
Dearborn US,2020-02,NA,NA,NA,NA,NA
Dearborn DS,2020-02,NA,NA,NA,NA,NA
Hardy,2020-02,NA,NA,NA,NA,NA
Cascade,2020-02,NA,NA,NA,NA,NA
LPPC US,2020-03,NA,NA,NA,NA,NA
LPPC DS,2020-03,NA,NA,NA,NA,NA
Craig,2020-03,NA,NA,NA,NA,NA
Dearborn US,2020-03,NA,NA,NA,NA,NA
Dearborn DS,2020-03,NA,NA,NA,NA,NA
Hardy,2020-03,NA,NA,NA,NA,NA
Cascade,2020-03,NA,NA,NA,NA,NA
LPPC US,2020-04,NA,NA,NA,NA,NA
LPPC DS,2020-04,NA,NA,NA,NA,NA
Craig,2020-04,NA,NA,NA,NA,NA
Dearborn US,2020-04,NA,NA,NA,NA,NA
Dearborn DS,2020-04,NA,NA,NA,NA,NA
Hardy,2020-04,NA,NA,NA,NA,NA
Cascade,2020-04,NA,NA,NA,NA,NA
LPPC US,2020-05,222,2,0,0.15,0.014
LPPC DS,2020-05,145,16,0.03,0.16,0.013
Craig,2020-05,223,2,0,0.16,0.006
Dearborn US,2020-05,211,4,0,0.16,0.015
Dearborn DS,2020-05,215,4,0,0.15,0.015
Hardy,2020-05,217,0,0,0.17,0.009
Cascade,2020-05,218,15,0,0.16,0.012
LPPC US,2020-06,NA,NA,NA,NA,NA
LPPC DS,2020-06,NA,NA,NA,NA,NA
Craig,2020-06,NA,NA,NA,NA,NA
Dearborn US,2020-06,NA,NA,NA,NA,NA
Dearborn DS,2020-06,NA,NA,NA,NA,NA
Hardy,2020-06,NA,NA,NA,NA,NA
Cascade,2020-06,NA,NA,NA,NA,NA
LPPC US,2020-07,211,0,0.04,0.26,0.009
LPPC DS,2020-07,195,1,0.1,0.21,0.018
Craig,2020-07,210,0,0.03,0.25,0.013
Dearborn US,2020-07,202,4,0.03,0.27,0.005
Dearborn DS,2020-07,204,2,0.03,0.25,0.009
Hardy,2020-07,208,0,0.03,0.25,0.015
Cascade,2020-07,207,4,0,0.28,0.017
LPPC US,2020-08,NA,NA,NA,NA,NA
LPPC DS,2020-08,NA,NA,NA,NA,NA
Craig,2020-08,NA,NA,NA,NA,NA
Dearborn US,2020-08,NA,NA,NA,NA,NA
Dearborn DS,2020-08,NA,NA,NA,NA,NA
Hardy,2020-08,NA,NA,NA,NA,NA
Cascade,2020-08,NA,NA,NA,NA,NA
LPPC US,2020-09,NA,NA,NA,NA,NA
LPPC DS,2020-09,NA,NA,NA,NA,NA
Craig,2020-09,NA,NA,NA,NA,NA
Dearborn US,2020-09,NA,NA,NA,NA,NA
Dearborn DS,2020-09,NA,NA,NA,NA,NA
Hardy,2020-09,NA,NA,NA,NA,NA
Cascade,2020-09,NA,NA,NA,NA,NA
LPPC US,2020-10,189,2,0.07,0.32,0.039
LPPC DS,2020-10,214,3,0.05,0.14,0.008
Craig,2020-10,193,3,0.04,0.3,0.037
Dearborn US,2020-10,185,2,0.05,0.28,0.035
Dearborn DS,2020-10,187,1,0.04,0.27,0.03
Hardy,2020-10,186,0,0.02,0.25,0.042
Cascade,2020-10,185,1,0,0.23,0.026
LPPC US,2020-11,NA,NA,NA,NA,NA
LPPC DS,2020-11,NA,NA,NA,NA,NA
Craig,2020-11,NA,NA,NA,NA,NA
Dearborn US,2020-11,NA,NA,NA,NA,NA
Dearborn DS,2020-11,NA,NA,NA,NA,NA
Hardy,2020-11,NA,NA,NA,NA,NA
Cascade,2020-11,NA,NA,NA,NA,NA
LPPC US,2020-12,NA,NA,NA,NA,NA
LPPC DS,2020-12,NA,NA,NA,NA,NA
Craig,2020-12,NA,NA,NA,NA,NA
Dearborn US,2020-12,NA,NA,NA,NA,NA
Dearborn DS,2020-12,NA,NA,NA,NA,NA
Hardy,2020-12,NA,NA,NA,NA,NA
Cascade,2020-12,NA,NA,NA,NA,NA
LPPC US,2021-01,NA,NA,NA,NA,NA
LPPC DS,2021-01,NA,NA,NA,NA,NA
Craig,2021-01,NA,NA,NA,NA,NA
Dearborn US,2021-01,NA,NA,NA,NA,NA
Dearborn DS,2021-01,NA,NA,NA,NA,NA
Hardy,2021-01,NA,NA,NA,NA,NA
Cascade,2021-01,NA,NA,NA,NA,NA
LPPC US,2021-02,NA,NA,NA,NA,NA
LPPC DS,2021-02,NA,NA,NA,NA,NA
Craig,2021-02,NA,NA,NA,NA,NA
Dearborn US,2021-02,NA,NA,NA,NA,NA
Dearborn DS,2021-02,NA,NA,NA,NA,NA
Hardy,2021-02,NA,NA,NA,NA,NA
Cascade,2021-02,NA,NA,NA,NA,NA
LPPC US,2021-03,NA,NA,NA,NA,NA
LPPC DS,2021-03,NA,NA,NA,NA,NA
Craig,2021-03,NA,NA,NA,NA,NA
Dearborn US,2021-03,NA,NA,NA,NA,NA
Dearborn DS,2021-03,NA,NA,NA,NA,NA
Hardy,2021-03,NA,NA,NA,NA,NA
Cascade,2021-03,NA,NA,NA,NA,NA
LPPC US,2021-04,NA,NA,NA,NA,NA
LPPC DS,2021-04,NA,NA,NA,NA,NA
Craig,2021-04,NA,NA,NA,NA,NA
Dearborn US,2021-04,NA,NA,NA,NA,NA
Dearborn DS,2021-04,NA,NA,NA,NA,NA
Hardy,2021-04,NA,NA,NA,NA,NA
Cascade,2021-04,NA,NA,NA,NA,NA
LPPC US,2021-05,235,2.9,0.01,0.24,0.019
LPPC DS,2021-05,143,26,0.07,0.2,0.041
Craig,2021-05,237,3.8,0.01,0.26,0.023
Dearborn US,2021-05,223,4,0.02,0.26,0.023
Dearborn DS,2021-05,215,6,0.02,0.25,0.023
Hardy,2021-05,219,5,0.01,0.48,0.023
Cascade,2021-05,222,7,0,0.24,0.029
LPPC US,2021-06,NA,NA,NA,NA,NA
LPPC DS,2021-06,NA,NA,NA,NA,NA
Craig,2021-06,NA,NA,NA,NA,NA
Dearborn US,2021-06,NA,NA,NA,NA,NA
Dearborn DS,2021-06,NA,NA,NA,NA,NA
Hardy,2021-06,NA,NA,NA,NA,NA
Cascade,2021-06,NA,NA,NA,NA,NA
LPPC US,2021-07,224,2.9,0,0.23,0.023
LPPC DS,2021-07,219,1.6,0,0.18,0.02
Craig,2021-07,230,5,0,0.23,0.04
Dearborn US,2021-07,225,1.5,0,0.21,0.019
Dearborn DS,2021-07,232,1.6,0,0.21,0.017
Hardy,2021-07,229,1.8,0,0.21,0.015
Cascade,2021-07,222,2.1,0,0.22,0.019
LPPC US,2021-08,NA,NA,NA,NA,NA
LPPC DS,2021-08,NA,NA,NA,NA,NA
Craig,2021-08,NA,NA,NA,NA,NA
Dearborn US,2021-08,NA,NA,NA,NA,NA
Dearborn DS,2021-08,NA,NA,NA,NA,NA
Hardy,2021-08,NA,NA,NA,NA,NA
Cascade,2021-08,NA,NA,NA,NA,NA
LPPC US,2021-09,228,5,0.02,0.33,0.042
LPPC DS,2021-09,217,4,0.02,0.22,0.025
Craig,2021-09,227,3.5,0,0.33,0.039
Dearborn US,2021-09,229,2.9,0,0.28,0.035
Dearborn DS,2021-09,228,3,0,0.28,0.034
Hardy,2021-09,226,6,0,0.29,0.04
Cascade,2021-09,230,1.9,0,0.24,0.022
LPPC US,2021-10,NA,NA,NA,NA,NA
LPPC DS,2021-10,NA,NA,NA,NA,NA
Craig,2021-10,NA,NA,NA,NA,NA
Dearborn US,2021-10,NA,NA,NA,NA,NA
Dearborn DS,2021-10,NA,NA,NA,NA,NA
Hardy,2021-10,NA,NA,NA,NA,NA
Cascade,2021-10,NA,NA,NA,NA,NA
LPPC US,2021-11,NA,NA,NA,NA,NA
LPPC DS,2021-11,NA,NA,NA,NA,NA
Craig,2021-11,NA,NA,NA,NA,NA
Dearborn US,2021-11,NA,NA,NA,NA,NA
Dearborn DS,2021-11,NA,NA,NA,NA,NA
Hardy,2021-11,NA,NA,NA,NA,NA
Cascade,2021-11,NA,NA,NA,NA,NA
LPPC US,2021-12,NA,NA,NA,NA,NA
LPPC DS,2021-12,NA,NA,NA,NA,NA
Craig,2021-12,NA,NA,NA,NA,NA
Dearborn US,2021-12,NA,NA,NA,NA,NA
Dearborn DS,2021-12,NA,NA,NA,NA,NA
Hardy,2021-12,NA,NA,NA,NA,NA
Cascade,2021-12,NA,NA,NA,NA,NA
LPPC US,2022-01,NA,NA,NA,NA,NA
LPPC DS,2022-01,NA,NA,NA,NA,NA
Craig,2022-01,NA,NA,NA,NA,NA
Dearborn US,2022-01,NA,NA,NA,NA,NA
Dearborn DS,2022-01,NA,NA,NA,NA,NA
Hardy,2022-01,NA,NA,NA,NA,NA
Cascade,2022-01,NA,NA,NA,NA,NA
LPPC US,2022-02,NA,NA,NA,NA,NA
LPPC DS,2022-02,NA,NA,NA,NA,NA
Craig,2022-02,NA,NA,NA,NA,NA
Dearborn US,2022-02,NA,NA,NA,NA,NA
Dearborn DS,2022-02,NA,NA,NA,NA,NA
Hardy,2022-02,NA,NA,NA,NA,NA
Cascade,2022-02,NA,NA,NA,NA,NA
LPPC US,2022-03,NA,NA,NA,NA,NA
LPPC DS,2022-03,NA,NA,NA,NA,NA
Craig,2022-03,NA,NA,NA,NA,NA
Dearborn US,2022-03,NA,NA,NA,NA,NA
Dearborn DS,2022-03,NA,NA,NA,NA,NA
Hardy,2022-03,NA,NA,NA,NA,NA
Cascade,2022-03,NA,NA,NA,NA,NA
LPPC US,2022-04,NA,NA,NA,NA,NA
LPPC DS,2022-04,NA,NA,NA,NA,NA
Craig,2022-04,NA,NA,NA,NA,NA
Dearborn US,2022-04,NA,NA,NA,NA,NA
Dearborn DS,2022-04,NA,NA,NA,NA,NA
Hardy,2022-04,NA,NA,NA,NA,NA
Cascade,2022-04,NA,NA,NA,NA,NA
LPPC US,2022-05,243,5,0.009,0.23,0.047
LPPC DS,2022-05,225,6,0.009,0.18,0.02
Craig,2022-05,247,3.9,NA,0.23,0.02
Dearborn US,2022-05,245,6,NA,0.22,0.026
Dearborn DS,2022-05,246,5,NA,0.2,0.022
Hardy,2022-05,247,3.9,NA,0.2,0.021
Cascade,2022-05,230,3.3,NA,0.18,0.018
LPPC US,2022-06,NA,NA,NA,NA,NA
LPPC DS,2022-06,NA,NA,NA,NA,NA
Craig,2022-06,NA,NA,NA,NA,NA
Dearborn US,2022-06,NA,NA,NA,NA,NA
Dearborn DS,2022-06,NA,NA,NA,NA,NA
Hardy,2022-06,NA,NA,NA,NA,NA
Cascade,2022-06,NA,NA,NA,NA,NA
LPPC US,2022-07,216,1.8,NA,0.3,0.031
LPPC DS,2022-07,193,1.1,0.01,0.25,0.014
Craig,2022-07,222,0.8,NA,0.3,0.024
Dearborn US,2022-07,222,1.7,NA,0.23,0.019
Dearborn DS,2022-07,163,1.3,NA,0.09,0.006
Hardy,2022-07,224,2.3,NA,0.17,0.02
Cascade,2022-07,224,5,NA,0.19,0.023
LPPC US,2022-08,NA,NA,NA,NA,NA
LPPC DS,2022-08,NA,NA,NA,NA,NA
Craig,2022-08,NA,NA,NA,NA,NA
Dearborn US,2022-08,NA,NA,NA,NA,NA
Dearborn DS,2022-08,NA,NA,NA,NA,NA
Hardy,2022-08,NA,NA,NA,NA,NA
Cascade,2022-08,NA,NA,NA,NA,NA
LPPC US,2022-09,210,3.9,0.05,0.3,0.046
LPPC DS,2022-09,207,2.9,0.05,0.32,0.04
Craig,2022-09,211,2.9,0.04,0.34,0.041
Dearborn US,2022-09,208,3.2,0.04,0.32,0.038
Dearborn DS,2022-09,211,3.1,0.04,0.47,0.037
Hardy,2022-09,210,3,0.02,0.29,0.034
Cascade,2022-09,207,2.6,NA,0.22,0.029
LPPC US,2022-10,NA,NA,NA,NA,NA
LPPC DS,2022-10,NA,NA,NA,NA,NA
Craig,2022-10,NA,NA,NA,NA,NA
Dearborn US,2022-10,NA,NA,NA,NA,NA
Dearborn DS,2022-10,NA,NA,NA,NA,NA
Hardy,2022-10,NA,NA,NA,NA,NA
Cascade,2022-10,NA,NA,NA,NA,NA
LPPC US,2022-11,NA,NA,NA,NA,NA
LPPC DS,2022-11,NA,NA,NA,NA,NA
Craig,2022-11,NA,NA,NA,NA,NA
Dearborn US,2022-11,NA,NA,NA,NA,NA
Dearborn DS,2022-11,NA,NA,NA,NA,NA
Hardy,2022-11,NA,NA,NA,NA,NA
Cascade,2022-11,NA,NA,NA,NA,NA
LPPC US,2022-12,NA,NA,NA,NA,NA
LPPC DS,2022-12,NA,NA,NA,NA,NA
Craig,2022-12,NA,NA,NA,NA,NA
Dearborn US,2022-12,NA,NA,NA,NA,NA
Dearborn DS,2022-12,NA,NA,NA,NA,NA
Hardy,2022-12,NA,NA,NA,NA,NA
Cascade,2022-12,NA,NA,NA,NA,NA
LPPC US,2023-01,NA,NA,NA,NA,NA
LPPC DS,2023-01,NA,NA,NA,NA,NA
Craig,2023-01,NA,NA,NA,NA,NA
Dearborn US,2023-01,NA,NA,NA,NA,NA
Dearborn DS,2023-01,NA,NA,NA,NA,NA
Hardy,2023-01,NA,NA,NA,NA,NA
Cascade,2023-01,NA,NA,NA,NA,NA
LPPC US,2023-02,NA,NA,NA,NA,NA
LPPC DS,2023-02,NA,NA,NA,NA,NA
Craig,2023-02,NA,NA,NA,NA,NA
Dearborn US,2023-02,NA,NA,NA,NA,NA
Dearborn DS,2023-02,NA,NA,NA,NA,NA
Hardy,2023-02,NA,NA,NA,NA,NA
Cascade,2023-02,NA,NA,NA,NA,NA
LPPC US,2023-03,NA,NA,NA,NA,NA
LPPC DS,2023-03,NA,NA,NA,NA,NA
Craig,2023-03,NA,NA,NA,NA,NA
Dearborn US,2023-03,NA,NA,NA,NA,NA
Dearborn DS,2023-03,NA,NA,NA,NA,NA
Hardy,2023-03,NA,NA,NA,NA,NA
Cascade,2023-03,NA,NA,NA,NA,NA
LPPC US,2023-04,NA,NA,NA,NA,NA
LPPC DS,2023-04,NA,NA,NA,NA,NA
Craig,2023-04,NA,NA,NA,NA,NA
Dearborn US,2023-04,NA,NA,NA,NA,NA
Dearborn DS,2023-04,NA,NA,NA,NA,NA
Hardy,2023-04,NA,NA,NA,NA,NA
Cascade,2023-04,NA,NA,NA,NA,NA
LPPC US,2023-05,231,4,0.03,0.23,0.016
LPPC DS,2023-05,136,44,0.1,0.28,0.04
Craig,2023-05,231,4,0.03,0.25,0.017
Dearborn US,2023-05,224,5,0.03,0.25,0.02
Dearborn DS,2023-05,215,13,0.04,0.25,0.019
Hardy,2023-05,221,10,0.04,0.24,0.049
Cascade,2023-05,214,10,0.04,0.26,0.025
LPPC US,2023-06,NA,NA,NA,NA,NA
LPPC DS,2023-06,NA,NA,NA,NA,NA
Craig,2023-06,NA,NA,NA,NA,NA
Dearborn US,2023-06,NA,NA,NA,NA,NA
Dearborn DS,2023-06,NA,NA,NA,NA,NA
Hardy,2023-06,NA,NA,NA,NA,NA
Cascade,2023-06,NA,NA,NA,NA,NA
LPPC US,2023-07,195,2,0.08,0.38,0.029
LPPC DS,2023-07,196,3,0.06,0.19,0.016
Craig,2023-07,198,2,0.05,0.37,0.019
Dearborn US,2023-07,195,2,0.04,0.35,0.014
Dearborn DS,2023-07,191,2,0.02,0.4,0.015
Hardy,2023-07,193,2,0.02,0.35,0.015
Cascade,2023-07,199,4,0.01,0.31,0.015
LPPC US,2023-08,NA,NA,NA,NA,NA
LPPC DS,2023-08,NA,NA,NA,NA,NA
Craig,2023-08,NA,NA,NA,NA,NA
Dearborn US,2023-08,NA,NA,NA,NA,NA
Dearborn DS,2023-08,NA,NA,NA,NA,NA
Hardy,2023-08,NA,NA,NA,NA,NA
Cascade,2023-08,NA,NA,NA,NA,NA
LPPC US,2023-09,207,3,0.06,0.32,0.044
LPPC DS,2023-09,214,2,,0.12,0.01
Craig,2023-09,205,4,0.04,0.33,0.043
Dearborn US,2023-09,207,2,0.05,0.35,0.038
Dearborn DS,2023-09,206,2,0.04,0.33,0.035
Hardy,2023-09,208,2,0.04,0.35,0.031
Cascade,2023-09,205,2,,0.37,0.03
LPPC US,2023-10,NA,NA,NA,NA,NA
LPPC DS,2023-10,NA,NA,NA,NA,NA
Craig,2023-10,NA,NA,NA,NA,NA
Dearborn US,2023-10,NA,NA,NA,NA,NA
Dearborn DS,2023-10,NA,NA,NA,NA,NA
Hardy,2023-10,NA,NA,NA,NA,NA
Cascade,2023-10,NA,NA,NA,NA,NA
LPPC US,2023-11,NA,NA,NA,NA,NA
LPPC DS,2023-11,NA,NA,NA,NA,NA
Craig,2023-11,NA,NA,NA,NA,NA
Dearborn US,2023-11,NA,NA,NA,NA,NA
Dearborn DS,2023-11,NA,NA,NA,NA,NA
Hardy,2023-11,NA,NA,NA,NA,NA
Cascade,2023-11,NA,NA,NA,NA,NA
LPPC US,2023-12,NA,NA,NA,NA,NA
LPPC DS,2023-12,NA,NA,NA,NA,NA
Craig,2023-12,NA,NA,NA,NA,NA
Dearborn US,2023-12,NA,NA,NA,NA,NA
Dearborn DS,2023-12,NA,NA,NA,NA,NA
Hardy,2023-12,NA,NA,NA,NA,NA
Cascade,2023-12,NA,NA,NA,NA,NA
